,user,user_profile,date_review,title,rating,type_visit,num_contributions,review
0,Fred S,fredsX5996LQ,15 d√©cembre 2024,Tr√®s belle exp√©rience,5.0,family,8,"Ambiance soign√©e, patrons amicaux et donnant toutes les explications bienvenues sur l'histoire de leur restaurant et sur les plats. De beaux plats, 2 √† 3 choix par type. Tr√®s bien cuisin√©, assaisonn√© et portions √©quilibr√©es. Belle carte des vins, tr√®s fournies. Bravo √† vous, nous reviendrons"
1,Guide38409630404,Guide38409630404,27 novembre 2024,"D√©jeuner au Frazarin, que du bonheur",5.0,friends,1,"Vous voulez bien manger, alors allez dans ce restaurant. Tout est parfait. L'accueil, la sympathie du personnel, excellent.
Vous pouvez m√™me vous rendre en cuisine pour f√©liciter le cuisinier, il est tr√®s content d'entendre votre satisfaction.
Je le recommande vivement. En sortant du restaurant, mes amis m'ont dit "" il faut que l'on revienne ici, trop bon """
2,Chartin M,chartinm,20 novembre 2024,La perfection tout simplement,5.0,couples,4,"Tout simplement parfait de l‚Äôentr√©e au dessert en passant par les vins et le service. 

Assur√©ment un des meilleurs restaurant de ma vie !

Merci Frazarin."
3,Axelfoley009,Axelfoley009,18 novembre 2024,Plat frais et de qualit√©,5.0,couples,38,Belle soir√©e pass√©e au Frazarin. Certainement encore plus recommandable pour les amateurs de vin(s). Personnel √©galement tr√®s avenant.
4,Karine P,karinepU103AS,13 novembre 2024,tr√®s bien,5.0,business,1,"Tr√®s bon restaurant ! j'ai ador√© le service et l'offre de restauration, le lieu est convivial ! je recommande √† tous les amateur d'Italien"
5,J√©r√¥me L,j_r_mel472,13 novembre 2024,Tr√®s belle surprise !!!,5.0,couples,8,"Restaurant situ√© rue de Cond√©, vous qui √™tes de passage ou habitant de Lyon, vous ne pouvez pas passer √†  c√¥t√© de cette p√©pite...
Tr√®s belle d√©co et que dire de ce qui se passe dans l'assiette! 
Cuisine raffin√©e qui exaltera vos papilles et qui vous fera voyager jusqu'en Italie... 
Alors √† vos fourchettes et bon app√©tit...."
6,aquario13,cramarc13,22 octobre 2024,"Le Frazarin, promis un jour j'y reviens !",5.0,solo,170,"Mon d√Æner plut√¥t italien avec en 
entr√©e (photo h√©las floue) : 
gnudi (sorte de gnocchis) toscani, ricotta e spinacci, bouillon e lardo colonnata. C'est sous forme de sph√®re - ricotta e spinacci), en fait enroul√©e dans de la colonnata, tr√®s tr√®s fine tranche de lard blanc frit, ressemblant √† un Ha Kao mais plus translucide. Aussi surprenant √† voir qu'√† d√©guster ;

en plat : 
tagliatelle pomodoro, salsiccia, finicchio e menta. Le r√©gal continue...

en dolce (dessert ) : gros chou cr√®me pralin√©e, mascarpone avec caramel beurre sal√© et noisettes caram√©lis√©es. Un ""must"" !

Avec, pour accompagner, un ballon de succulentissime
Nero d'Avola.

Une adresse o√π se rendre sans h√©siter √† Lyon."
7,M@lt,michelleaP8487LA,17 octobre 2024,Un coup de c≈ìur !,5.0,couples,279,"D√©j√† √† l‚Äôentr√©e, on y est accueilli avec gentillesse. Le service est personnalis√© puisqu‚Äôon prend le temps d‚Äôexpliquer le menu. Il ne faut pas s‚Äôattendre √† un menu tr√®s diversifi√©, mais ce qui est propos√© est bien cuisin√© et recherch√©.
Bref, c‚Äôest vrai que c‚Äôest bon."
8,Muriel J,280murielj,11 octobre 2024,Tr√®s bonne adresse,5.0,couples,1,"Accueil tr√®s sympathique, plats originaux et tr√®s expressifs. Tr√®s bons conseils sur les vins. Une tr√®s bonne adresse."
9,Isabelle C,IsabelleC546,26 septembre 2024,Une belle d√©couverte,5.0,couples,182,"D√®s qu‚Äôon pousse la porte, on est chaleureusement accueilli par d‚Äôimmenses sourires.
Le personnel est tr√®s sympathique et convivial ( un immense merci √† Quentin qui conna√Æt m√™me la petite commune de Linkebeek üòÇ). La suite n‚Äôest pas en reste : une belle vaisselle, une pr√©sentation tr√®s soign√©e et des plats d√©licieux et de qualit√©.
Bref, on vous le recommande les yeux ferm√©s.
Encore merci √† vous."
10,MissEmmaR,MissEmmaR,22 septembre 2024,QUALITE GUSTATIVE INCROYABLE!!!!,5.0,solo,339,"TOUT EST FAIT MAISON ET CA SE VOIT!!!!
le d√©jeuner permet de choisir sa formule (plat ou ent√©e plat ou plat dessert ou plat fromage ou entr√©e plat dessert/fromage) maximum 30 euros
Les saveurs sont exquises, vraiment. Et l'accueil est extr√™mement sympathique.
Je reviendrai. JE RECOMMANDE!"
11,Aliz√©e S,aliz_es258,20 septembre 2024,Une adresse a noter pour y retourner,5.0,couples,2,"Restaurant g√©nial : le personnel est adorable et aux petits soins, les plats sont excellents, les prix corrects, le lieu est joli et pas trop bruyant. On voit des passionn√©s a l'≈ìuvre et √ßa donne un repas super :)"
12,claudine d,claudinedidier,14 septembre 2024,La vraie cuisine italienne,5.0,friends,10,"Tr√®s belle d√©couverte, nous avons pass√© une excellente soir√©e .
La cuisine est d√©licieuse, de bons produits parfaitement mis en valeur ! 
Nous avons √©t√© judicieusement conseill√©s pour le choix des vins , le tout dans une ambiance chaleureuse et un cadre tr√®s agr√©able.
Nous reviendrons avec plaisir !"
13,Oscar L,I6610XFoscarl,12 septembre 2024,Un moment de partage,5.0,family,1,"Super moment ! Cuisine exceptionnelle et service incontournable‚Ä¶ je recommande grandement ! 
Voyage entre l‚ÄôItalie la france et une bande de pote"
14,Mical A,MicalA5,12 juin 2024,D√©licieux,5.0,friends,23,Excellent restaurant avec une influence italienne. Le serveur Max nous a tr√®s bien conseill√©s sur le vin. Vous pouvez y aller les yeux ferm√©s et vous ne serez pas d√©√ßu ü§å
15,claudiabk2020,claudiabk2020,11 juin 2024,Un d√©lice,5.0,friends,1,"De passage √† Lyon avec une amie, j'avais rep√©r√© ce restaurant auparavant pour sa cuisine locale et son cadre agr√©able.
Nous voulions prendre du poisson mais comme la veille √©tait un jour f√©ri√©, il n'y en avait plus. Alors nous avons choisi le veau √† la place. R√©sultat: Nous nous sommes r√©gal√©es, une viande tr√®s tendre, agr√©ment√©e d'une sauce succulente √† la sauge, le tout accompagn√© de pommes de terre caram√©lis√©s, un vrai d√©lice.
Idem pour l'entr√©e et le dessert. J'y retournerais sans h√©siter."
16,Sandrine V,sandrinevX7466QM,9 juin 2024,"Atmosph√®re conviviale, cuisine inventive , √©labor√©e et excellente, salle d√©cor√©e avec go√ªt....une soir√©e tout en finesse",5.0,friends,1,"Une adresse qui se partage facilement tant l'exp√©rience est r√©ussie....
On recommande fortement ce lieu d√©couvert par des amis !"
17,Celine F,celinefV663JF,1 juin 2024,Belle d√©couverte,5.0,friends,1,"Nous avons pass√© une super soir√©e au Frazarin entre amis. l'accueil est parfait, et la cuisine au top. Je recommande vivement!!!"
18,Herv√© le gourmand gourmet,893herv_l,16 mai 2024,Une tr√®s belle adresse!!,5.0,couples,160,"3 amis √† la t√™te de ce resto franco-italien, des amoureux de leur travail, superbe ambiance et des plats juste succulents. Du frais, du fait maison!! On recommande sans h√©sitation !"
19,ERIC R,140ericr,12 mai 2024,Les petits plus qui font la diff√©rence ..,5.0,couples,6,"Un restaurant dont les plats propos√©s sont bien travaill√©s. Les vins sont recherch√©s et s‚Äôaccordent bien avec les mets ...ici on a envie de faire plaisir, enfin l‚Äô√©change est convivial et int√©ressant. BRAVO √† vous trois.. je recommande !!"
20,Maria D,J4535PSmariad,8 mai 2024,Excellent,5.0,family,2,"Restaurant vraiment d√©licieux, de l'entr√©e au dessert... L'accueil √©tait tout simplement parfait.   Je vous recommande vivement cet endroit!"
21,Pizzaio,sandrinerQ8140HW,8 mai 2024,Excellent,5.0,friends,31,Agr√©able surprise nous nous sommes r√©gal√©s avec des produits frais. Le personnel est tr√®s agr√©able. La qualit√© au rendez vous . Je conseille ce petit restaurant au go√ªt italien.
22,Agent M,Agent_Max1469,15 avril 2024,Parfait,5.0,couples,154,"Nous avons d√©couvert ce restaurant via trip advisor. 
Les g√©rants sont tr√®s sympathiques et expliquent tr√®s bien le concept du restaurant. 
Nous avons pass√© un moment tr√®s agr√©able et nous avons extr√™mement bien mang√©. "
23,Sogi,Wanderer01943286891,6 avril 2024,Le plaisir a l‚Äô√©tat pur !,5.0,family,3,"Parfait.. de l‚Äôaccueil au dessert! une vraie √©motion culinaire. Les 3 associ√©s proposent une restauration go√ªteuse, dans une ambiance chaleureuse √† ne manquer sous aucun pr√©texte !"
24,C√©line,Cerealine,2 avril 2024,Parfait !,5.0,couples,10,Excellent ! Les m√©langes de saveurs s'√©quilibrent et s'accordent de mani√®re surprenante et l'ensemble marche tr√®s bien. Nous avons √©galement √©t√© tr√®s bien accueilli et avons pass√© un bon moment au Frazarin. Le plus: un rapport qualit√©/prix excellent avec un petit menu √† 20 ou 25‚Ç¨ le midi ! 
25,Escape04719679318,Escape04719679318,25 mars 2024,Le Frazarin c‚Äôest cool ! c‚Äôest bien !!,5.0,friends,1,"Super accueil ! Super restau ! Plats originaux !
Bravo ! Continuez ainsi ! Merci √† toute l‚Äô√©quipe ! Vous nous faites du bien !"
26,luc,Navigator41004616938,28 f√©vrier 2024,Magnifique cuisine bei-italienne,5.0,friends,8,"Tr√®s belle d√©couverte. Carte italienne restreinte mais travaill√©e par des anciens de l‚Äôinstitut Bocuse.
Excellent rapport qualit√© prix et vin de tr√®s bon niveau.
Je recommande vivement"
27,Jul_Bbx,Jul_Bbx,17 f√©vrier 2024,Peu et trop,3.0,couples,48,"Peu dans l‚Äôassiette et trop dans l‚Äôaddition !
√Ä entendre, les tables d‚Äô√† c√¥t√© partag√©es.
Gustativement c‚Äôest in√©gal, vous trouverez beaucoup mieux √† Lyon. 
Passez votre tour"
28,Sylvie C,sylviecF859RH,14 f√©vrier 2024,Exp√©rience √† renouveler üòò,5.0,solo,1,"Amazing and delicious refined dishes and wine. Original, mariage cr√©atif entre mer et terre. Accueil chaleureux et convivial. Warmly recommended."
29,Jang Won Young,helissio0751,13 f√©vrier 2024,Tr√®s bonne d√©couverte,5.0,family,12,"Excellente nourriture et excellent rapport qualit√©!
Service gentil et nourriture g√©n√©reuse !
N‚Äôh√©sitez pas √† y aller"
30,Ga√´tan F,387ga_tanf,9 f√©vrier 2024,Parfait de A √† Z,5.0,family,3,"Parfait du d√©but √† la fin !! Service et cuisine au top . Allez y les yeux ferm√©s ! 
On reviendra sans h√©siter, merci √† toute l‚Äô√©quipe pour votre accueil !"
31,olivier c,Y8272TNolivierc,8 f√©vrier 2024,Amazing,5.0,friends,1,"Ambiance agr√©able, cosy et chaleureuse la Cuisine franco-italienne est excellente et raffin√©e bravo aux trois comp√®res."
32,Nolwenn C,472nolwennc,2 f√©vrier 2024,Tr√®s beau d√Æner,5.0,friends,1,"Super d√Æner, superbe ambiance! Les plats √©taient aussi beaux que bons des entr√©es au dessert c‚Äô√©tait impeccable ! 
Allez y les yeux ferm√©s 
1000 mercis √† toute l‚Äô√©quipe de Frazarin"
33,didier f,Z126LAdidierf,29 janvier 2024,Magique,5.0,couples,10,"Tout simplement magnifique, une d√©couverte √† chaque plat, avec l'accord mets et vins c'est magique. L'acceuil est convivial. "
34,Jandaux J,jandauxj,8 janvier 2024,D√©jeuner de collegues,5.0,friends,1,"D√©jeuner de coll√®gues. Bon et bien servi. 
Top et rapide. 
Y aller sans h√©siter 
Merci pour la pens√©e d anniversaire ü•≥ "
35,Gathelier V,verog816,20 d√©cembre 2023,Superbe !,5.0,friends,38,"Superbe, Bravo,  bravo  √† toute l‚Äô√©quipe. 
3 fois cette semaine..j‚Äôaurais tout test√© 3 entr√©es, 3 plats 2 desserts. Tout est superbe. 
Cuisine superbe, Conseil Vin idem, Service idem,  une tr√®s tr√®s belle √©quipe.
Je recommande ++++"
36,maxrvp20,maxrvp20,16 d√©cembre 2023,Super bistro franco italien.,5.0,friends,928,"Un excellent petit restaurant aux accents franco italien ! C‚Äô√©tait d√©licieux de l‚Äôentr√©e au dessert.  On s‚Äôest r√©gal√©s ! Le service √©tait parfait √©galement, aux petits soins ! Une bien belle adresse o√π nous reviendrons sans h√©siter !"
37,PY,francoispH6889IN,15 d√©cembre 2023,SANS H√âSITER,5.0,friends,21,"2eme visite apr√®s une premi√®re d√©couverte convaincante il y a quelques semaines.
Un vrai plaisir d'entrer dans ce restaurant : accueil chaleureux et attention√©, carte limit√©e mais gage d'excellents plats du d√©but √† la fin √† la pr√©sentation soign√©e et go√ªteux.
Les avis qui m'ont amen√© ici refl√®tent totalement la r√©alit√©. J'y retournerai."
38,Razi O,razio2017,14 d√©cembre 2023,Super!,5.0,business,39,"Concept sympa, petit restau moderne et convivial 
Aux petits soins et plats juste excellent
De l entre au dessert √ßa reste cr√©atif et bon 
√Ä faire"
39,Olivier R,olivierr760,9 d√©cembre 2023,Magnifique,5.0,business,546,"Une petite p√©pite 
Le personnel est tr√®s avenant et la cuisine de tr√®s grande qualit√© 
Un rapport qualit√© prix √† faire p√¢lir la concurrence 
De l aile de raie au menu du midi pas banal mais une assurance de manger de l ultra frais
Tr√®s bien conseill√© pour le vin 
Tout √©tait parfait ne changez rien"
40,Meryl F,276merylf,3 d√©cembre 2023,Adresse √† ne pas manquer! Excellent,5.0,friends,1,"Super resto ! Une belle table √† faire entre amis ou en famille. Dans l‚Äôassiette comme au service, rien √† dire ! 
Petite carte, pour une cuisine fait maison. Des belles d√©couvertes gustatives, un service au petit soin. Merci pour ce beau moment! "
41,Pascale D,pascaled654,2 d√©cembre 2023,Tr√®s bonne adresse,5.0,family,1,Excellent accueil plats recherch√©s bien pr√©sent√©s carte des vins √† l‚Äôunisson timing service parfait on reviendra avec plaisir
42,thierry s,SUCHETThierry,19 novembre 2023,Bravissimo,5.0,couples,56,"Superbe accueil. Le propri√©taire a pris le temps de nous accueillir, nous conseiller. 
Petit plus pour nous en partant. Merci Patron
Je recommande vivement.,"
43,Lila C,76lilac,11 novembre 2023,Excellent accueil,5.0,friends,2,"Tr√®s bon repas, et l‚Äôaccueil au top. Nous avons pass√© un excellent moment. Je recommande. Accueil convivial, nous nous sommes sentis comme √† la maison"
44,Jeanne M,jeannemB6299OX,5 novembre 2023,Un r√©gal,5.0,friends,3,"Repas de qualit√© avec des serveurs de bonne humeur une joie de vivre et aux grands sourires. Vous vous sentirez √† l'aise. Je recommande vivement, pour un tr√®s bon rapport qualit√© prix "
45,Jessie H,jessiehE584VM,2 novembre 2023,Vaut le d√©tour,5.0,couples,1,"Simple et parfait : un restaurant qui donne envie de revenir. Qualit√© de la cuisine, accueil, service excellent. Une de nos meilleures d√©couvertes"
46,Patrice M,patricemE7823EY,22 octobre 2023,Super topitop,5.0,friends,1,"Cadre simple mais agr√©able. Personnel tr√®s aimable et efficace. Je n'avais pas faim. J'ai finalement d√©vor√© entr√©e, plat et dessert ! Cuisine fine et savoureuse. Note sp√©ciale pour la pavlova √† la figue fra√Æche, incroyablement parfum√©e. Vin magnifique et √† bonne temp√©rature. Un d√Æner d√©licieux pour un prix raisonnable. Voil√† des gens plein de talent, qui se donnent beaucoup de mal pour vous faire passer un moment parfait. Merci"
47,faby b,106fabyb,22 octobre 2023,Quand tu manges mieux italien √† Lyon qu en Italie‚Ä¶,5.0,friends,2,"Une petite p√©pite pas du tout cach√© mais o√π il faut bien r√©server. Les trois associ√©s sont hyper accueillants, souriants et avenants malgr√© un service du samedi soir complet. Les conseils √©taient parfaits et la cuisine incroyable! Ce concept franco-italien fonctionne parfaitement et notre table de 4 o√π nous avons pris ≈ìufs meurettes, cabillaud, p√¢tes fra√Æches et chou en dessert a 100% √©t√© satisfaite par l √©quilibre des plats et leurs saveurs! 
Merci pour cette belle soir√©e, on recommande √† 1000%"
48,Boris W,borisw967,16 octobre 2023,Merveilleux,5.0,family,3,"Pas de commentaires, mais juste vous dire que quand vous aurez pass√© la porte une 1√®re fois, il y aura √† coup s√ªr d' autres fois pour rencontrer √† nouveau cette cuisine et ces personnes. Tout simplement magnifique !"
49,Vincenza T,288vincenzat,13 octobre 2023,Belle d√©couverte culinaire.,5.0,family,1,"Excellent d√Æner en famille et tr√®s bon accueil.
La qualit√© des plats et le savoir faire est vraiment top."
50,Magali K,644magalik,8 octobre 2023,Une adresse √† conna√Ætre,4.0,friends,6,Le mariage r√©ussi de la France et de l‚ÄôItalie. Nous nous sommes r√©gal√©es. Le plat de poisson √©tait particuli√®rement r√©ussi.
51,famille j,530famillej,5 octobre 2023,Tout pour plaire !,5.0,friends,1,"Une √©quipe de 8 filles un soir en semaine‚Ä¶Un accueil personnalis√© de Quentin et Maxence, suivi de mets d√©licieusement √©quilibr√©s pr√©par√©s par  Harold. Nous ne regrettons qu une chose ; ne pas avoir pris le temps de f√©liciter Harold pour son travail en cuisine, et les saveurs dans les assiettes, des entr√©es aux desserts. F√©licitations ! "
52,Clara N,435claran,5 octobre 2023,"N h√©sitez plus, allez y !",5.0,couples,6,"Restaurant exceptionnellement bon ! 
Petite carte mais tout le monde peut trouver son bonheur. Le personnel est a l √©coute, agr√©able et tr√®s professionnel 
Nous recommandons sans hesitation cette adresse 
Tout est au rdv : tr√®s bonne cuisine, l equipe est accueillante et le prix est tout √† fait abordable pour la qualit√© des plats, du personnel et du lieux 
C est rare ! Merci "
53,Florian Legeard,florianlegeard,4 octobre 2023,Magnifique d√©couverte ! üòç,5.0,business,111,"Tr√®s belle d√©couverte par hasard apr√®s quelques recherches !

Un accueil chaleureux , une table cosy. Une carte courte et travaill√©e tout fait maison ! Une carte des vins √©toff√©e ainsi qu‚Äôun joli panel de vins au verre.  Tr√®s bon dressage des assiettes, cuisson du lieu noir √† la perfection ! üòçüòç

Bref n‚Äôy allez pas pour m‚Äôassurer une place le midi avec les coll√®gues üòò

Bravo √† vous messieurs pour ce voyage en Italie depuis la France !"
54,Benoit M,274benoitm,28 juillet 2023,Belle d√©couverte,5.0,family,1,"Merci pour cette magnifique soir√©e, pour la qualit√© des plats, votre gentillesse.
Nos invit√©s ont √©t√© combl√©s et nous aussi.
Merci pour votre sympathie et votre excellente cuisine."
55,Elo38,Elo38330,27 juin 2023,A d√©couvrir sans tarderü§ó,5.0,couples,13,"Excellent moment avec un accueil vraiment chaleureux. Plats tr√®s fins et fameux. Nous y reviendrons avec grand plaisir. Une belle d√©couverte !!!!
Bravo et merci encore √† toute l √©quipe ü§ó"
56,Tomtom,N7022MOtomtom,19 juin 2023,Le meilleur italien du quartier,5.0,couples,16,"Une p√©pite du quartier. Une carte courte, mais sans cesse renouvel√©e, une ""vraie"" cuisine de cuisinier, √† la fois simple et recherch√©e. Les pasta al ragu sont g√©niales, m√™me une simple salade tomates anciennes / jambon est ""twist√©"" avec cr√©ativit√©. Y aller les yeux ferm√©s pour se r√©galer. "
57,Pierre-Lmt,Pierre-Lmt,30 mai 2023,Excellent !,5.0,friends,70,"Venir au Frazarin c‚Äôest toujours l‚Äôassurance de ne jamais se lasser de la carte du restaurant, puisqu‚Äôelle est r√©guli√®rement renouvel√©e!
Toujours aussi bien, toujours aussi bon ü´∂üèæ!
Merci √† toute l‚Äô√©quipe :)"
58,Velidhu91,Velidhu91,1 mai 2023,Coup de c≈ìur !,5.0,friends,298,"Une p√©pite ! D√©jeuner r√©cent chez Frazarin et tout √©tait parfait. L'accueil est au top, les explications concernant la carte et les plats sont claires, la d√©co tr√®s agr√©able. Les plats sont savoureux et raffin√©s. Ce jour-l√†, une entr√©e √† base de lentilles, velout√© d'asperges et gambas, et en plat principal, un lieu jaune parfaitement cuit avec ses l√©gumes et pur√©e de fenouil. Un d√©lice üòâ Nous reviendrons avec plaisir."
59,Maryline B,951marylineb,18 avril 2023,Je recommande vivement,5.0,family,10,"Repas le midi. Carte courte et efficace. 
R√©gal pour les yeux et surtout les papilles.
Et pour ne rien g√¢cher, l'accueil est tr√®s agr√©able et sympathique. 
Parfait sur tout les points. 
"
60,LN MART,LNFX,12 avril 2023,A d√©couvrir absolument,5.0,none,7,Une tr√®s belle d√©couverte autant au niveau de l assiette que de l accueil ! Plats d√©licieux et bien travaill√©s et accueil tr√®s chaleureux 
61,lise H,666liseh,30 mars 2023,Best combo franco-italien,5.0,friends,2,"Excellente d√©couverte franco-italienne!
Des plats travaill√©s, originaux et faits avec amour pour le plaisir des papilles!
Un service aux petits soins et des conseils sur les accords mets-vins plus qu‚Äôappr√©ci√©s! 
Merci pour cette belle soir√©e ‚ò∫Ô∏è‚ú®"
62,Aristide C,572aristidec,30 mars 2023,Une tr√®s belle exp√©rience !,5.0,friends,1,"Le lieu est tr√®s agr√©able et la d√©coration est de bon tr√®s go√ªt. 
Les plats sont tous fait maison et d√©licieux. 
Le personnel est adorable, de bon conseil et pr√©venant, une tr√®s bonne exp√©rience dans un lieu fort sympathique. 

Merci pour cette belle soir√©e :)"
63,Nicolas V,NicolasV416,29 mars 2023,Bonne table franco-italienne √† 2 pas de perrache,4.0,couples,27,"Bonne d√©couverte de cette table franco-italienne √† 2 pas de perrache, √† la fois g√©n√©reux et fin. Bon conseil sur le vin associ√© au plat.
Seul b√©mol: un oubli sur la carte qu'un plat contenait un peu de piment. Quand on n'est pas pr√©venu, cela surprend ! Nous en avons fait la remarque, on nous a remerci√© de la remarque (la carte sera corrig√©) et offert les 2 caf√©s.
Mis √† part ce b√©mol, du tout bon, √† prix tr√®s correct. On reviendra."
64,Cl√©ment B,clement_billon,17 mars 2023,RETOUR D EST,5.0,couples,1,"Todo va bene frazarin! 
Super assiette! Un doux m√©lange franco italien digne des plus grand retour d Est! 
Les amoureux de l italofrancodisco seront √©merveill√©s par cette cuisine du c≈ìur servi par nos fraz √† grand coeur!!!!"
65,Eric S,ericsA3718LS,2 mars 2023,Belle d√©couverte,5.0,couples,1,"Tr√®s belle d√©couverte suite √† une erreur d'adresse. Carte limit√©e mais pertinente par rapport au d√©sir du chef et de cuisiner frais les produits du moment. Menu 3 plats tr√®s bon rapport qualit√© en plus le personnel est sympa et savent partager leur passion. 
A y retourner juste pour d√©couvrir leur menu changeant toute les semaines."
66,vyvy52,vyvy52,24 f√©vrier 2023,Belle d√©couverte !,4.0,family,197,"Enfin du savoir-faire au niveau du service. Equipe jeune, professionnelle pour une cuisine cr√©ative et excellente.
Cuisine inventive Les plats sont gouteux, les assaisonnements bien travaill√©s. Belle carte des vins  
A tres bient√¥t pour d√©couvrir d‚Äôautres plats ( carte change toutes les 3 semaines )"
67,Isabelle H,isabellehV2225NL,23 f√©vrier 2023,Excellent d√©jeuner,5.0,couples,1,"Nous avons appr√©ci√© l'accueil, l'originalit√© des mets et leur pr√©sentation. Le rapport qualit√©-prix est excellent."
68,Baptiste G,880baptisteg,16 f√©vrier 2023,Un tr√®s bon moment chez Frazarin,5.0,none,71,"Diner tr√®s sympathique chez Frazarin. Tout est fait maison et cela se sent dans l'assiette. Les plats sont gouteux, en quantit√© raisonnable, les assaisonnements bien travaill√©s. Le service est sympathique et bienveillant,, la salle est joliment d√©cor√©e.
Mini bemol: ""seulement"" 2 plats √† la carte, un de plus ce serait top. Merci encore pour cette soir√©e"
69,Seuphie,Curiosity41602784247,9 f√©vrier 2023,Super repas italien,5.0,family,40,"Cuisine italienne avec inspiration fran√ßaise 
Menu du midi tr√®s abordable et une carte qui change tr√®s r√©guli√®rement avec des plats d√©licieux et originaux diff√©rents d‚Äôun restaurant italien ¬´¬†classique¬†¬ª
Super exp√©rience !"
70,Magalie M,251magaliem,21 janvier 2023,Une adresse √† conserver,5.0,couples,265,"Cela faisait un moment que nous souhaitions venir et on a compris qu‚Äôen fin de semaine il est indispensable de r√©server √† l‚Äôavance !
L‚Äôaccueil et le service sont extr√™mement agr√©ables et de bon conseils.
Les plats sont faits avec go√ªt et des produits de qualit√© que ce soit de l‚Äôentr√©e au dessert et avec une confiance aveugle pour le choix des vins"
71,Eliame P,286elianep,14 janvier 2023,A recommander,5.0,friends,23,"Ne pas arriver trop t√¥tüòâ mais quelle belle d√©couverte, saveurs au rendez-vous et accueil chaleureux. Nous aimerions avoir un tel restaurant √† c√¥t√© de chez nous"
72,Gregg M,386greggm,23 d√©cembre 2022,Exp√©rience m√©morable,5.0,friends,1,"Grande d√©couverte de ce restaurant entres amis √† l‚Äôoccasion d‚Äôun d√Æner. Une exp√©rience  culinaire r√©ussie, notamment le paleron de b≈ìuf brais√© cuit longuement et divinement fondant et savoureux.
Merci pour ce moment de partage! Je reviendrai
Merci"
73,Rekmaz,Marekool,23 d√©cembre 2022,Une exp√©rience superbe!,5.0,none,2,"Nous avions rep√©r√© Frazarin depuis quelques temps et lors de notre visite a Lyon, pour les Fetes des Lumi√®res, la r√©servation √©tait √©vidente.
La salle est tr√®s agr√©able et les tables pas trop proches, ce qui est un vrai plus.
Nous avons √©t√© recus chaleureusement par Quentin et Maxence qui nous ont pr√©sent√© le restaurant et la cuisine g√©r√©e par Harold le milanais.
Les entr√©es et les plats √©taient remplis des saveurs de saison,un vrai travail de pr√©sentation digne d'un gastro et le pain maison permets de tout saucer!
Le choix de vin et les conseils de Quentin ont pu sublimer le tout! 
Les desserts ont ravi les gourmands puis nous avons pu finir sur un choix de digestifs ravissants.
Ne loupez pas la Favorite et le foie gras maison, ce serait triste.
A bientot les Frazarins!"
74,Bernard B,T1562GJbernardb,2 d√©cembre 2022,Belle decouverte,5.0,none,1,"Equipe jeune, motiv√©e, professionnelle ,sympathique et accueillante pour une cuisine cr√©ative  et excellente. Bravo pour tout. 
Recommande sans restriction.
A tres bientot pour decouvrir d autres plats..."
75,Nowhereman,moninp2017,1 d√©cembre 2022,On ne s‚Äôen lasse pas,5.0,friends,13,"Quelle belle (et bonne) adresse. L‚Äô√©quipe est au top, montre qu‚Äôelle est passionn√©e dans son domaine et cela se ressent d√®s la porte franchie. L‚Äôaccueil est chaleureux, le cadre sympathique, les saveurs toujours au rendez-vous et les recettes cr√©atives. Tout est mis en ≈ìuvre sans fioriture et avec spontan√©it√© pour qu‚Äôon ait plus qu‚Äôune seule envie apr√®s avoir quitt√© les lieux : y revenir. 
Mon troisi√®me ¬´¬†passage¬†¬ª dans cet √©tablissement confirme mes premi√®res impressions, que ce soit en couple, entre amis, en famille : 
on est bien chez Frazarin, et on y mange toujours aussi bien ! 
Bravo √† vous et merci"
76,Gormet44,Gormet44,26 novembre 2022,Une superbe exp√©rience,5.0,couples,201,"Une √©quipe jeune, motiv√©e, professionnelle et sympathique nous accueille dans un restaurant avec une cuisine cr√©ative aux doubles origines fran√ßaise et italienne. Bravo du d√©but √† la fin. Tr√®s bons conseils au niveau du vin et de la nourriture."
77,Nat M,83natmi,16 octobre 2022,D√©licieux,5.0,friends,1,"Cuisine d√©licieuse et surprenante, une belle carte des vins et une √©quipe tr√®s sympa... Tout √©tait parfait"
78,luc G,218lucg,12 octobre 2022,Repas en sortant de la gare,5.0,business,52,"Un repas bistronomique en sortant de la gare 

Le magret de canard √©tait excellent et la charcuterie en entr√©e m‚Äôa rappel√© mes vacances en toscane 

Bref une tr√®s belle d√©couverte pour un petit s√©jour √† Lyon 

Et en plus accueil tr√®s sympas et chaleureux on a envie de revenir"
79,La Fille D Avril,veronique1265,10 octobre 2022,Le gout de l italie,4.0,friends,10,"Tres belle decouverte, ambiance chaleureuse et produits de qualit√© . Pates al dente , buonissimo. La charcuterie excellente , et les desserts nous embarquent: la glace verveine, et le flan chocolat ‚Ä¶ tres bon‚Ä¶"
80,Nolwenn,NOLWENN68600,7 octobre 2022,Tr√®s bon restaurant !,5.0,couples,32,"Tr√®s bon restaurant. Cadre sympathique, personnel souriant et chaleureux. Repas excellent, rien √† redire. Je recommande !"
81,Pierre-Lmt,Pierre-Lmt,7 octobre 2022,Ottimi Fratelli !,5.0,none,70,"C'est proverbial, la cuisne du Capocuoco et de son √©quipe est toujours maitris√©e, savoureuse et √©quilibr√©e. Je me suis r√©gal√© lors de la semaine ou la figue √©tait √† l'honneur.
Les Maggiordomo toujours aussi accueillants, sympathiques et accessibles.
C'est agr√©able d'y partager un repas et m√™me y boire un verre. l'ensemble de l'√©quipe √† toujours du temps √† accorder pour leurs clients, c'est tr√®s appr√©ciable.
Merci √† vous."
82,Mike E,Q4925EXmikee,5 octobre 2022,Au top,5.0,business,277,"Accueil avec le sourire par tout le personnel. Ca fais du bien 
Formule plat dessert et j'ai suivi les recommandations de Maxence  - excellent choix  un d√©lice.
La salle est grande  avec tables individuelles s√©par√©es.
A 2 pas de la place Carnot et Lyon Perrache.
Vraiment a recommander  les yeux ferm√©s. "
83,Rac30100,Rac30100,21 septembre 2022,Le meilleur de ma semaine de d√©placement,5.0,business,2,"Quel r√©gal de d√©couvrir ce restaurant.
Le repas √©tait un r√©gal , les serveurs ( ou patrons)  tr√®s sympathiques et tr√®s attentionn√©s‚Ä¶‚Ä¶ et tout √ßa pour le m√™me prix que mes repas pass√©s dans la semaine. Pas √©vident de manger seul ( lors des d√©placements) mais le plaisir que j ai eu ce soir ( repas et convivialit√©) m a fait passer un tr√®s bon moment‚Ä¶.. merci beaucoup‚Ä¶. Je conseille fortement."
84,Baptiste S,baptistes244,8 septembre 2022,Top restaurant,5.0,friends,1,"Super restaurant avec une cuisine tr√®s raffin√© et des produit frais. 
Le cadre ainsi que les serveurs nous font sentir comme √† la maison. 
Je recommande les yeux fermer."
85,Simoniserge,Simoniserge,25 juillet 2022,Un plaisir,4.0,business,6,"Un plaisir de manger et d√©guster mon plat pr√©f√©r√©,  la salle est toujours bien tenue et la serveuse au petits soins pour notre table ."
86,Fr√©d√©ric D,W8679GPfr_d_ricd,22 juillet 2022,"Belle d√©couverte - 3 personnalit√©s pour un lieu, des  saveurs, des histoires‚Ä¶",5.0,family,1,"Du service aux plats, nous avons ador√©. Une connaissance remarquable et remarqu√©e des produits qui vous sont propos√©s, impossible de ne pas y trouver son bonheur."
87,Sigismond Bourdon,SigismondBourdon,15 juillet 2022,√Ä faire absolument !,5.0,friends,127,"Ambiance et accueil extr√™mement chaleureux. Carte r√©duite mais compos√©e uniquement avec des produits frais de saison. Cuisine inventive avec des produits pourtant ""simples"". Tr√®s belle carte des vins. √Ä faire absolument !"
88,mattcvx,mattcvx,13 juillet 2022,UN TRES TRES BON,5.0,solo,1,"Enfin du savoir-faire au niveau du service. 
Accueil chaleureux.  
Avant de d√©guster, on ressent beaucoup de comp√©tence et la connaissance des produits propos√©s est l√†. 
Pas de chichi, le cadre est √©pur√© et valorise ce que l‚Äôon a dans l‚Äôassiette, c‚Äôest √† dire un subtil m√©lange Franco-Italien et √ßa, c‚Äôest annonc√© avant de rentrer dans le resto : PROMESSE TENUE !

Bravo au chef, la cuisine est raffin√©e et authentique √† la fois, les quantit√©s impeccables. 
Les gar√ßons de salle g√®rent le reste avec bienveillance et professionnalisme. 

Je n‚Äôoublierai pas la grande vari√©t√© de vins fran√ßais et italiens √† d√©couvrir. 
Bref on reste dans le top !

C‚Äôest un coup de coeur. 
Avis dithyrembique mais amplement m√©rit√©.

Allez-y et r√©galez vous"
89,Arthur S,dastrich,27 juin 2022,Un tr√®s bon moment,5.0,none,10,"Restaurant essay√© pour un d√Æner vendredi soir, la salle est agr√©able, l'accueil excellent ! 
Le menu et l'histoire du restaurant sont d√©taill√©s avec beaucoup de passion par l'√©quipe. 
Les plats, cocktails et vins sont originaux, bien dos√©s et d√©licieux. Un restaurant o√π on se sent bien, et o√π on a envie de revenir, la carte change toutes les 3 semaines !!"
90,Vanessa G,vanessaG38-2305,25 juin 2022,Tr√®s bonne adresse,5.0,business,6,"Super resto. Nous sommes venus en groupe pour un d√©jeuner et n'avons pas √©t√© d√©√ßus ! 
Produits frais cuisine raffin√©e
Je recommande +++"
91,Sibel,Getaway55431247759,25 juin 2022,Super accueil & plats d√©licieux!,5.0,friends,3,"Nous avons pass√©s une excellente soir√©e entre amis.
Les mets sont d√©licieux et l‚Äô√©quipe tr√®s sympa!
Nous y retournerons r√©guli√®rement pour tester le menu qui change r√©guli√®rement!"
92,Pierre-Lmt,Pierre-Lmt,22 juin 2022,Il Gioiello pi√π Bello della Terra della Seta,5.0,none,70,"Tout simplement, le plus beau des Joyaux au pays de la Soie ! Merci √† toute l'√©quipe en cuisine et en salle de nous avoir aussi chaleureusement accueilli.
Tr√®s touch√© par l'attention d'Harold, le Chef en cuisine, d'avoir r√©fl√©chi et con√ßu un menu sur-mesure pour mon amie qui est poly-allergique ! L'excellente nouvelle, c'est qu'au sein du Frazarin tout est possible pour le client si l'on a la d√©licatesse de pr√©venir en amont. Je recommande sans aucune r√©serve 
A bient√¥t !"
93,Marie D,mariedH4096AZ,17 juin 2022,Tres bon restaurant,4.0,none,3,"Grande qualit√© de produits, recette tr√®s gouteuse et le service est tr√®s agr√©able et profesionnel. Je recommande"
94,Liseron,coquelicot0606,17 juin 2022,Une excellente  adresse,5.0,none,86,"Restaurant franco-italien √† d√©couvrir sans attendre.
La cuisine est faite maison d‚ÄôA √† Z avec des produits frais , est savoureuse cr√©ative avec des notes franco italienne, la carte est courte c'est un tr√®s bon signe 
La d√©coration soign√©e, l'accueil est top par les 2 g√©rants fran√ßais le 3 -√®me est italien et s'affaire au fourneau pour notre plus grand plaisir.
Nous reviendrons"
95,Oscar L,oscarlK3058KV,17 juin 2022,Un moment en famille super,5.0,family,1,"Super moment, sans r√©servation. De l‚Äôentr√©e au plat tout √©tait incroyable !!! Un service et une ambiance top. 
Je recommande"
96,Marie K,874mariek,13 juin 2022,Allez y les yeux ferm√©s,5.0,friends,7,"Super adresse ! Un d√Æner avec des amis , accueil chaleureux, nourriture splendide. Vraiment un petit coup de coeur pour ce resto . Quel beau  mariage entre l‚ÄôItalie et la france"
97,christian c,F8424XBchristianc,12 juin 2022,Belle surprise,5.0,none,1,"Une ambiance familiale et chaleureuse. Nous avons √©t√© re√ßu comme √† la maison. Une vraie attention sinc√®re pour passer un super moment. En plus, le menu √©tait d√©licieux !!! A recommander vivement !! Merci pour ce bel accueil !"
98,Samantha B,SamanthaAnc,8 juin 2022,Excellent,5.0,none,1,"Nous sommes venus pour un repas entre coll√®gue, une cuisine leg√®re et raffin√©e, du fait maison 
Une carte se r√©invente toutes les trois semaine, Un beau mariage de la France et de l'Italie.
l'√©quipe est tr√®s accueillante

Un grand bravo"
99,Denis F,denisfE9440SA,4 juin 2022,Ecellent,5.0,friends,1,"Excellente √©tape √† Lyon, un petit moment de bonheur dans cette jungle de restaurant. Des produits frais de qualit√©, circuit court, originalit√© des plats notre salade d‚Äôartichaut cru √©tait un r√©gal ! On sent l‚Äôinfluence de l‚Äô√©cole Bocuse, ces trois jeunes associ√©s connaissent leur affaire. La carte des vins est choisie simple  et pertinente‚Ä¶ plusieurs Spritz‚Ä¶on a envie de les go√ªter tous‚Ä¶
Bonne adresse de qualit√©, accueil au Top!
Denis Fres.."
100,P&D,Odinet24,4 juin 2022,Frazarin,5.0,friends,1,"Tr√®s belle table dans un cadre agr√©able avec des conseils adapt√©s, des produits authentiques. Accueil tr√®s chaleureux, √† recommander √† Lyon"
101,Alcat,Alcat97400,4 juin 2022,Une table d exception,5.0,family,52,"Derri√®re une devanture classique et pas trop attirante  se cache une table d exception que vous d√©couvrez apr√®s un accueil chaleureux, convivial et professionnel.  Un choix de plats go√ªteux et cuisin√©s avec soin , des vins s√©lectionn√©s, le tout √† un tarif abordable. Un personnel vraiment attentionn√© et passionn√©."
102,Vincent L,vincentl406,1 juin 2022,Au top,5.0,none,7,"D√©co sympa, de l'amabilit√© en salle, des produits de qualit√© dans l'assiette, on s'est r√©gal√© chez Frazarin !"
103,Yohann G,31yohanng_,31 mai 2022,Excellent,5.0,friends,1,"De passage √† Lyon avec un ami pour des oraux, nous sommes tomb√© par hasard sur ce restaurant ! Accueil chaleureux, personnel aimable et souriant! Avec un cadre sympathique. 

Quant au plat, fait maison, excellent! Service rapide, et de qualit√© 

Je recommande ! Vous ne serez pas d√©√ßu"
104,morea67,morea67,29 mai 2022,Excellent Accueillant D√©licieux !,5.0,family,87,"Excellente soir√©e. Patrons tr√®s accueillant, dans l‚Äô√©change et la volont√© de conna√Ætre juste ce qu‚Äôil faut de leurs h√¥tes pour mieux les servir. Carte restreinte car produits hautement s√©lectionn√©s et sublim√©s par le Chef. Une excellente soir√©e comme nous n‚Äôen avions pas pass√© de longue date. A recommander plus que plus !"
105,Marine D,marined21,28 mai 2022,Super !,5.0,friends,2,"G√©nial ! Repas gourmand et raffin√© avec un accueil incroyable. Tout √©tait parfait. De plus, un tr√®s bon rapport qualit√© prix. D√©j√† h√¢te d‚Äôy retourner !!"
106,Juliette P,juliettep231,28 mai 2022,Incroyable,5.0,friends,2,"Cuisine raffin√©e, service exceptionnel, pleins de saveurs diff√©rentes en bouche, une tr√®s belle d√©couverte je recommande ++"
107,bea42130,bea42130,27 mai 2022,Un r√©gal,4.0,family,6,"Une histoire  d‚Äôamiti√© franco italienne que le chef , √† travers ces divers plats raffin√©s , nous fait partager .
Un lieu calme et une d√©co simple √† l image de ces jeunes gens . Si vous voulez passer un bon moment gustativement parlant alors foncez . Merci de nous avoir fait passer une excellente soir√©e familiale .
Visit√© en mai"
108,Tata B,512tatab,27 mai 2022,Assiette d√©licate et gourmande,5.0,couples,102,"Raffinement, simplicit√© et gourmandise. Un beau voyage √† la d√©gustation, une tr√®s bonne adresse pour les √©picuriens et les autres üòâ. Accueil tr√®s chaleureux, un lieu recommand√© pour tous.
Merci √† toute l‚Äô√©quipe pour ce bon et beau moment."
109,Orianne P,OriannePoly,21 mai 2022,Tr√®s belle d√©couverte,5.0,friends,5,"Adresse √† d√©couvrir de toute urgence !
Tr√®s belle d√©couverte.
Un d√©lice des sens.
Un r√©gal pour les yeux et le palais, une √©quipe extraordinaire, un moment comme on les aime.
Bravo !"
110,C2R,Scripty2014,21 mai 2022,Excellent,5.0,none,133,"Tout y √©tait parfait : de l'accueil, au plat, √† la d√©coration. 
Nous avons √©t√© accueillies chaleureusement avec une pr√©sentation des propri√©taires et de l'histoire du restaurant. 
La carte et les vins propos√©s y sont excellents. 
Ce restaurant vaut vraiment le d√©tour √† Lyon."
111,Hollidays,Hollidaysalway,14 mai 2022,"Toujours parfait et excellent! Le service est irr√©prochable, le lieu magnifique et les plats tellement go√ªteux.delicious",5.0,couples,17,"L‚Äôaccueil est absolument parfait. Le rythme de service est sans faute.le concept de revisiter l‚ÄôItalie est compl√®tement r√©ussi. 
Les plats servis toujours aussi go√ªteux. On est archi fan !!!"
112,GregMD,GregMD,29 avril 2022,Quelle belle surprise !,5.0,couples,129,"Excellent ! Une sacr√©e belle surprise. 3 entr√©es au choix, 2 plats, 4 desserts mais que des produits frais pr√©par√©s avec go√ªt et de tr√®s bons vins fran√ßais et italiens. Les gars sont super sympas en +! Faut vraiment tenter l‚Äôexp√©rience‚Ä¶."
113,Sylvie R,sylvierouquette,23 avril 2022,Presque bien mais pas tr√©s bien,3.0,none,467,"Tr√©s bon accueil .
Service jug√© trop rapide ...
D√©√ßue de l'assiette charcuterie en entr√©e : seulement du jambon (rien d'autre alors que l' Italie offre d'autres choses ... ) m√™me si c'√©tait bon .
Pate succulente mais assiette plus petite que d'autres restaurants (qualit√© √©quivalente)
Nous √©tions 8 et avons pass√© un bon moment mais au ressenti g√©n√©ral il manquait quelque chose ..."
114,dimau68,dimau68,20 avril 2022,Tr√®s belle d√©couverte!,5.0,family,7,"Une petite p√©pite suppl√©mentaire dans ce quartier d√©j√† bien fournie. 
Accueil chaleureux, sans chichi, qui vous met tout de suite dans l‚Äôambiance du lieux : convivialit√©, partage et bons produits. 
Une cuisine simple entre France et Italie (bien vu √† Lyon üòâ) qui fait place belle aux produits de saisons. Le tout accompagn√© d‚Äôun beau choix de vins, dans une ambiance et un d√©cor √† l‚Äôimage de la table : efficace !"
115,ANTHONY V,M3529WJanthonyv,19 avril 2022,Comme √† la maison mais avec le savoir faire culinaire,5.0,friends,13,Tout est excellent de l‚Äôaccueil au repas compos√© de produit frais. Espresso Martini A tester si vous aimez le caf√©. Les serveurs s‚Äôadaptent √† vos go√ªts et savent vous conseiller c‚Äôest assez rare pour le souligner.
116,Guillaume M,Guillaume311091,17 avril 2022,Excellentissime,5.0,couples,2,"L'un des meilleurs restaurant de Lyon. Une carte finement r√©duite avec 3 entr√©es 2 plats et 4 desserts. Tous magnifiques, m√©lange de saveurs splendides. Le rapport exp√©rience-accueil-qualit√©/prix est semble-t-il difficile √† concurrencer. Frazarin, une magnifique adresse."
117,Marianne E,marianneeK4707CW,16 avril 2022,Excellent,5.0,couples,1,"Tr√®s bons produits, service agr√©able et attentionn√©, cadre sympathique. On reviendra, c‚Äôest certain !"
118,Lucas M,lucasmO6838HZ,7 mars 2022,Tr√®s bon accueil,5.0,couples,1,"Super restaurant avec une ambiance tr√®s d√©tendu, les g√©rants sont super et de bons conseils, le repas et le vin parfait ! ils nous ont m√™me concoct√© une carte sans prix pour nos invit√©s ! Je conseille fortement!"
119,Arnaud P,E3929TIarnaudp,3 mars 2022,Tres bon moment,5.0,couples,6,"De passage √† lyon pour d√©couvrir la ville de la gastronomie 
Nous ne sommes vraiment pas d√©√ßu 
De voir des jeunes qui aimes leur m√©tier et  qui se donnent les moyens de le faire bien
Tr√®s bonne d√©couverte de ce restaurant 
Bien √† vous et √† bient√¥t 
A faire et a refaire 
Les restaurateurs ni√ßois "
120,karine m,Y3096FRkarinem,1 mars 2022,A tester sans h√©siter,4.0,couples,3,"Service Tr√®s sympathique. 
Repas au top petit b√©mol pour le dessert , m√™me s‚Äôil √©tait tout √† fait correct, mais pas autant que l‚Äôentr√©e et le plat."
121,Pierre-Lmt,Pierre-Lmt,26 f√©vrier 2022,Solo andata per Frazzarino,5.0,business,70,"Je me joins et m‚Äôidentifie dans les multitudes d‚Äôavis tr√®s favorables! C‚Äôest un chouette lieu o√π la gourmandise de la cuisine fran√ßaise est joliment associ√©e √† la cuisine italienne.
Les 3 associ√©s ainsi que leurs collaborateurs sont d‚Äôune grande gentillesse, toujours disponible et √† l‚Äô√©coute de chacun des clients.
C‚Äôest sans aucune r√©serve que je recommande Frazarin.
A presto Ragazzi :)!"
122,Lola D,lolodubbus,25 f√©vrier 2022,tr√®s sympa !,5.0,none,2,"D√©licieux !
Dommage que la personne avec qui j'√©tais n'en valait pas la peine...üòÇ
Sinon le lieu est cool et le service aussi"
123,GABRIEL C,consgaby,23 f√©vrier 2022,Super soir√©e,5.0,couples,2,"Nous avons pass√©s une superbe soir√©e chez Frazarin, l‚Äôaccueil est chaleureux et les plats sont tr√®s bons ! La petite carte prouve la qualit√© des produits et des plats fait maison. Je recommande cet endroit √† 100% üòá"
124,Sylvie R,sylvierZ1238IN,13 f√©vrier 2022,Topissimo,5.0,couples,2,"Un vrai restau italien, une excellente cuisine italienne et un vrai service italien, √† savoir convivial, souriant et sympa! Vivement que j y retourne."
125,scoucash,scoucash,10 f√©vrier 2022,Parfaitement d√©licieux,5.0,friends,63,Fabuleux.  Tr√®s savoureux. Le cabillaud cuit √† la perfection.  Les ≈ìufs mimosa un d√©cile. Bref ne rater pas cet endroit. Accueil hyper sympa et chaleureux. Deco tendance. On adore
126,Clothilde C,clothildec2013,5 f√©vrier 2022,D√©√ßue :(,3.0,friends,39,"Restaurant agr√©able et service au top mais le menu obligatoire d entr√©e / plat / dessert quand il n‚Äôy a que 2 plats a la carte je trouve cela moyen.
Sprtiz a l‚Äôap√©ritif non gazeux, nous avons eu ¬´¬†l‚Äôanti pasti¬†¬ª une fois les spritz termin√©s !
Desserts insipides‚Ä¶ Je ne trouve pas que cela m√©rite d‚Äô√™tre 3eme restaurant sur tout Lyon !"
127,Anne-Laure B,annelaureb107,5 f√©vrier 2022,Le parfait m√©lange de la France et de l‚ÄôItalie,5.0,couples,3,"Exp√©rience formidable dans ce restaurant chaleureux. 

L‚Äôaccueil a √©t√© parfait, par les conseils et l‚Äôattention particuli√®re qu‚Äôoffrent les associ√©s du restaurant. 

Il s‚Äôen est suivi des plats excellents, donc la qualit√© est √©vidente. 

Merci encore au restaurant pour cette exp√©rience !"
128,thomas,Cruiser42007026882,4 f√©vrier 2022,Excellent,5.0,couples,1,"Une cuisine moderne, des produits frais et toute la richesse du vignoble italien ! Un accueil chaleureux et un service 4 √©toile !
Allez y les yeux ferm√©s, une belle d√©couverte."
129,Sarah M,B6931AOsarahm,4 f√©vrier 2022,Incroyable,5.0,couples,9,"Une cuisine raffin√©e, recherch√©e et pleine de surprise. Un lieu chaleureux avec un personnel √† l‚Äô√©coute et comme √† la maison. Tr√®s tr√®s agr√©able, nous reviendrons les yeux ferm√©s. Merci !"
130,Th√©odore T,th_odoret31,29 janvier 2022,Toppisimo,5.0,couples,1,"Arriv√© sans r√©servation. Superbe accueil, nourriture fra√Æche, go√ªteuse. Incroyable ! 
Merci √† toute l √©quipe c √©tait une vrai soir√©e m√©morable"
131,Climber775842,Climber775842,29 janvier 2022,"Accueil au top, comme le reste de la soir√©e",5.0,friends,4,"Tr√®s bons produits, plats fins et g√©n√©reux en m√™me temps. Accueil au top par une √©quipe d‚Äôassoci√©s passionn√©e et motiv√©e qui ne demandent qu‚Äô√† faire passer une tr√®s bonne soir√©e √† ses clients.
En esp√©rant revenir lors de la prochaine vir√©e lyonnaise et au plaisir de vous croiser dans le Nord √† l‚Äôoccasion !"
132,Esther,938eg,29 janvier 2022,Une tr√®s bonne adresse,5.0,couples,2,"Une bonne adresse qui propose des plats de qualit√© avec des saveurs franco-italiennes affirm√©es et tr√®s justes. Des produits de saison, un accueil chaleureux et bienveillant, que demander de plus ?"
133,Zo√© G,Zozgotte,26 janvier 2022,Superbe d√©couverte !,5.0,friends,1,"Une √©quipe au top, des plats frais, recherch√©s et savoureux, un cadre chaleureux. 
N‚Äôh√©sitez pas, foncez !"
134,Myriam A,Jaunet,26 janvier 2022,Beaucoup de bruit pour pas grand chose,3.0,none,151,"Beaucoup d'explications pour des plats pas enthousiasmants. Salle assez agr√©able.
J'ai trouv√© les rigatonis assez secs, et l'entr√©e  d√©cevante, le dessert pas fameux et minuscule."
135,R M,ReMa49,23 janvier 2022,Une belle exp√©rience,5.0,friends,43,"Un excellent moment pass√© dans ce restaurant, m√™lant avec passion les cuisines italiennes et fran√ßaises. Nous avons appr√©ci√© le cadre et l'accueil des plus chaleureux. Les plats sont bien r√©alis√©s, √† partir de produits frais et qualitatifs. Nous avons √©t√© agr√©ablement surpris par la fine connaissance de la carte et de l'adaptabilit√© dont le personnel a fait preuve lors de notre d√Æner. Peu de plats √† la carte mais c'est un gage de davantage de fra√Æcheur. √Ä recommander !

Merci pour votre travail !"
136,Damssmad06,Damssmad06,23 janvier 2022,Un accueil chaleureux pour une cuisine inspir√©e,5.0,friends,21,"Nous avons eu une tr√®s belle exp√©rience dans ce restaurant tr√®s accueillant. Le serveur a pris le temps de nous expliquer leur carte en d√©tail. Le chef a une cuisine cr√©ative et inspir√©e de l'Italie, de la Normandie et de la Bretagne.
Mention sp√©ciale sur la carte du moment √† l'oeuf parfait avec jus de cresson, √©mulsion de parmesan et foie gras ""fa√ßon cr√®me br√ªl√©e"" qui est une des meilleures entr√©es que j'ai mang√© depuis longtemps.
Merci pour votre accueil et votre passion."
137,Sylvain G,sylvaing19,15 janvier 2022,Excellent,5.0,family,2,"Excellente soir√©e chez Frazarin. La cuisine est delicieuse et inventive, les propri√©taires sont aux petits soins, le lieux est chaleureux. Bravo üëèüëèüëè"
138,Anouck,anouckmcd,8 janvier 2022,TR√àS BON MOMENT,5.0,couples,12,"Accueil vraiment formidable, les plats sont succulents (entr√©e comme dessert) ! J‚Äôai pass√© un tr√®s bon moment !! Je recommande vivement !!"
139,Ymeurez,Ymeurez,8 janvier 2022,Simplement bon,5.0,family,230,Voil√† une excellente adresse o√π on est accueilli un patron qui aime son m√©tier. Cuisine est √† la fois italienne et fran√ßaise. Belle carte des vins. √Ä faire sans mod√©ration.
140,Alexandre I,AlexandreI7,6 janvier 2022,TOP,5.0,business,1,"Merveilleux moment. Le menu est excellent et le service au top ! Rapport qualit√© prix id√©al.
Je reviendrai"
141,Jean-Pierre ASCOET,jpanice,15 d√©cembre 2021,Une √©quipe jeune et sympathique,5.0,none,42,"Tr√®s bien accueilli et apr√®s les pr√©sentations la commande...tout est bien expliqu√© et servi sans surprise, la qualit√© √©tant au rendez-vous.
On reviendra ü§ó"
142,denis a,denisa528,11 d√©cembre 2021,Valeur s√ªre,4.0,family,32,"Accueil tr√®s sympathique, cuisine de terroir, belle carte des vins, assez ch√®re. C‚Äôest tr√®s bon, mais pas √©poustouflant."
143,OnAir816975,OnAir816975,3 d√©cembre 2021,La premi√®re mais pas la derni√®re !,5.0,family,1,"Un service tr√®s sympathique avec un personnel qui conna√Æt chaque produits et provenances. Tr√®s int√©ressant. Le d√Æner √©tait tr√®s bon de l‚Äôentr√©e au dessert, accompagn√©s de bons vins. 
Je recommande ce restaurant ! Et j‚Äôy retournerai avec plaisir !"
144,NyEdward,NyEdward,2 d√©cembre 2021,Tout simplement bon,5.0,none,138,"D√Æner de retrouvailles avec mon frere et carte blanche au patron pour nous en mettre plein les yeux sur le liquide comme le solide, ce fut un regal, le menu est vraiment bien travaill√©, les ingr√©dients de qualit√© et le vin superbe; moi qui suis plutot chauvin en matiere de vin, j'ai voyag√© en italie avec plaisir sans quitter la table."
145,Margot P,Mplaye05,29 novembre 2021,Tr√®s bonne adresse !,5.0,couples,1,"Tr√®s belle carte, aussi originale que coh√©rente ! Les go√ªts et les cuissons sont au rendez-vous. Avec cela, une belle carte des vins et un accueil chaleureux. Tr√®s bons souvenirs de ce d√Æner au Frazarin qui ne sera pas le dernier !"
146,Thibault,ThibaultLeGall,29 novembre 2021,Pr√©cis et d√©tonant !,5.0,couples,2,Nous cherchions un cadre et un accueil agr√©able ainsi qu‚Äôune cuisine de qualit√© pour un moment complice et nous n‚Äôaurions pas pu trouver mieux !
147,nana221170,nana221170,27 novembre 2021,Ne passez pas √† c√¥t√©...entrez !,5.0,friends,2,"Tr√®s bonne adresse qui m'a √©t√© conseill√©e, quel d√©lice, de l'entr√©e au plat au dessert et le bouquet final, un super accueil...Adresse incontournable üòá"
148,L√©a B,860l_ab,20 novembre 2021,√Ä d√©couvrir absolument !,5.0,family,19,"Je me suis rendue dans ce restaurant qui est g√©r√© par deux passionn√©s. 
Cuisine √©labor√©e et d√©licieuse de l‚Äôentr√©e au dessert !
Le prix est plus que raisonnable pour la prestation servie.
Il faut y aller les yeux ferm√©s"
149,Remi D,60remid,13 novembre 2021,Bravo!,5.0,couples,8,"A la hauteur de votre r√©putation !!
Bravo , excellente √©quipe, nous nous sommes r√©gal√©s et le c√¥t√© convivial est tr√®s appr√©ciable, on peut parler de tout avec le personnel qui est tr√®s int√©ressant üëçüèª. Lieu bien d√©cor√© avec go√ªt et propre ü§©"
150,Dubai-trotters-5,Dubai-trotters-5,12 novembre 2021,Un jeune restaurant √† d√©couvrir,5.0,family,294,"Oui je l‚Äôai d√©couvert comme beaucoup sur France 5.
Le concept est de proposer une cuisine fusion entre France et Italie ( le chef est √† cheval sur les deux pays).
A l‚Äôarriv√©e le restaurant m√®ne par Maxence est au rendez-vous.
L‚Äôaccueil, le service sont chaleureux et de qualit√©. Les membres du personnel sont tous associ√©s et le concept est plut√¥t sympathique et se reconna√Æt dans la relation.
Entr√©es et plats qui changent r√©guli√®rement sont plut√¥t astucieux (harengs et betteraves, sandre √† la pur√©e de choux-fleurs) et jouent sur un √©quilibre avec un peu d‚Äôacidit√© comme marque de fabrique pour donner des plats savoureux.
Les desserts (choux √† la cr√®me et √† la compote) sont agr√©ables aussi bien.
Vous retrouverez donc bien un voyage entre la France et l‚ÄôItalie agr√©ment√© de vins fran√ßais et italiens int√©ressants √† prix raisonnable.
A environ 40/45 ‚Ç¨ par personne, vin compris vous passerez vraiment un bon moment avec une cuisine assez inventive.
J‚Äôy suis all√© et y retournerai d√®s que la carte aura chang√©."
151,Lucas D,lucasd791,11 novembre 2021,Tout parfait,5.0,couples,6,"Excellente cuisine, excellent service, large choix de vins Fran√ßais et Italiens. Tout est r√©ussi, nous reviendrons tr√®s vite. Bravo "
152,Pauline L,paulinelF9628ID,9 novembre 2021,Original mais un peu cher,3.0,couples,1,"Cuisine originale et recherch√© mais repas √† 35‚Ç¨ minimum par personne ( entr√©e plat dessert obligatoire ), sans compter les vins."
153,Laurent G,lolo261,6 novembre 2021,Excellent restaurant,5.0,couples,20,Extra pour l accueil la cuisine et le conseil je recommande  tr√®s fortement.  Produits frais et qualitatifs. Merci l √©quipe 
154,Fayek,Fayek69,6 novembre 2021,Moyen,2.0,couples,4,"M√©lange italien et fran√ßais un peu rat√© je trouve‚Ä¶ service moyen
Je ne comprends pas l‚Äôengouement de ce restaurant"
155,M- D,J6994WImd,5 novembre 2021,Parfait,5.0,couples,4,Super resto meilleur poisson que j‚Äôai manger le vin est excellent l‚Äôaccueille super je reviendrais avec plaisir
156,l g,lgu175,4 novembre 2021,Excellent,5.0,family,135,"L‚Äôaccueil est tr√®s agr√©able, la salle conviviale avec des tables bien espac√©es. La cuisine aux accents m√™l√©s italiens et fran√ßais est fine savoureuse et g√©n√©reuse le tout pour un prix raisonnable. Une belle adresse √† retenir."
157,alliocha69,alliocha69,30 octobre 2021,Restaurant en amoureux,5.0,couples,5,"Nous avons pass√© un excellent moment dans ce restaurant qui tient toutes ses promesses. 
Les propri√©taires sont charmants et d excellent conseil.
Une adresse √† retenir. "
158,Pascal B,pascalbM2951HC,27 octobre 2021,Un restaurant Franco-Italien √† d√©couvrir absolument,5.0,business,7,"La carte quelque peu originale , nous a fait pousser la porte de ce restaurant situ√© dans le second arrondissement de Lyon.
Le chef nous propose un menu raffin√© dans une ambiance cosy. La poell√©e de foie gras est un r√©gal, le mille feuilles aux figues, tout autant. Une equipe acceuillante √† votre √©coute vous r√©alise de merveilleux cocktails typiquements Italiens, pour un prix tout √† fait raisonnable. Un restaurant qui vaut vraiment un d√©tour."
159,agathedeba,agathedeba,24 octobre 2021,Top !,5.0,couples,19,"Restaurant tr√®s sympathique √† faire entre amis ou en couple. 
En l‚Äôoccurrence en couple, service aux petits oignons. 
D√Æner tr√®s qualitatif, copieux, gourmand et fins. 
Nous reviendrons !"
160,Maxime P,maximepU9951TU,24 octobre 2021,D√Æner d affaire. Tr√®s pro,5.0,business,1,"Venu d√©jeuner pour un repas business. Pro, efficace, top. 
La qualit√© et le prix sont au rdv. 
On valide"
161,Justine P,Justine2606,13 octobre 2021,Une tr√®s belle d√©couverte,5.0,family,113,Super restaurant ! Nous avons d√©couvert ce bistro franco-italien sur TripAdvisor et nous avons √©t√© ravie de notre soir√©e. Nous avons tr√®s tr√®s bien mang√©. Deux choix de plat sur le menu et tous les deux √©taient excellent ! Merci √† Quentin pour l‚Äôaccueil tr√®s chaleureuse. Nous reviendrons tester le midi √©galement. Je vous le recommande fortement!!
162,Thibaud C,thibaud_ctz,7 octobre 2021,Ne pas h√©siter,5.0,family,1,Vraiment une belle d√©couverte ! Cette rencontre de la cuisine italienne et fran√ßaise est une tr√®s belle id√©e ! La gentillesse de tout le personnel en plus nous a fait passer une tr√®s bonne soir√©e.
163,Sylvain Tellier,sylvainT283,7 octobre 2021,Un plaisir pour les papilles,5.0,couples,16,"Tant d'√©toiles !!! , j'ai voulu v√©rifier, et bien ce que je peux dire c'est qu'elles sont vraiment m√©rit√©es.  Repas tout simplement excellent et ce qui ne g√¢che rien, et qui est tr√®s important pour moi, un accueil √† la hauteur de la cuisine. On y retournera c'est s√ªr lors d'un futur passage √† Lyon."
164,peio r,peior65,7 octobre 2021,un vertibale momment de plaisir,5.0,none,2,"une cuisine magnifique, un service vraiment agreable, cadre super    .... bref nous sommes ravies 
a tres vite"
165,Constance H,constanceh474,3 octobre 2021,Excellent,5.0,family,53,"Une cuisine excellente, un chef accessible ! Le service est top, professionnel, toute l‚Äô√©quipe est souriantes ! 
On a pass√© un super moment !"
166,Elo√Øse L,eloise25380,3 octobre 2021,Repas excellent,5.0,couples,1,"Excellente soir√©e au Frazarin, accueil chaleureux et personnel super sympa ! 
Quant aux plats, un d√©lice tout simplement. Nous avons h√¢te d'y retourner pour d√©couvrir d'autres menus."
167,Thalia06,Thalia06,2 octobre 2021,Fantastique,5.0,couples,33,"Au vu des avis plus que positifs nous avons r√©serv√© pour venir d√Æner et tout √† √©t√© parfait! De l accueil, √† la d√©coration, au menu, √† la qualit√© des plats, des boissons et du bon rapport qualit√© prix, nous sommes ravis de notre soir√©e!
Restaurant de passionn√©s avec une belle histoire √† tester pour passer un moment des plus agr√©ables a √©veiller vos papilles!"
168,MyriamGI,MyriamGI,1 octobre 2021,Un bel endroit atypique et charmant,5.0,solo,134,"Je me suis r√©gal√©e, les ravioles maisons comme le boudin blanc aux escargots √©taient excellents. La cuisine est cr√©ative et faite avec les produits de saison , la carte est sobre ce qui garanti bien cela. L‚Äôaccueil et le service au top. Je recommande vivement ce restaurant si vous souhaitez d√©couvrir de nouvelles saveurs."
169,laurent g,laurentg108,1 octobre 2021,Tr√®s bon restaurant mais pas vraiment italien,4.0,business,113,"L acceuil et le service est top vraiment.
La salle est agr√©able et pas bruyante.
C√¥t√© cuisine je dirais cuisine fran√ßaise avec inspiration italienne.
"
170,Thibault L,688thibaultl,26 septembre 2021,Au top,5.0,friends,3,Exquis et d√©licieux. Dans un superbe d√©cors une cuisine d√©licate et raffin√©e. Le service impeccable et la note correcte. Au top!
171,Pompon,pomponcorsica,25 septembre 2021,D√Æner √† Lyon √† l‚Äôoccasion du Sirha.,5.0,business,71,Tr√®s belle ambiance. Cuisine raffin√©e. Carte du soir unique. Cuisine italienne et fran√ßaise. Les patrons du restaurant sont avenants. Choix de vins italiens et fran√ßais.
172,Julien S,juliens532,23 septembre 2021,Un vrai lieu de restauration,5.0,friends,3,"Une cuisine avec de la qualit√© et du go√ªt sans pr√©tention ,Harold et Ludo en cuisine nous concoctes des plats frais et go√ªteux . Au bar et en salle Quentin et Maxence vous accueillent avec les plus beaux cocktail du moment et surtout un amour pour ce m√©tier qui fera de vous des gens combl√©s

69G"
173,C√©cile J,c_cilej271,23 septembre 2021,L‚Äôincroyable italien de Lyon !,5.0,couples,1,"Aucun doute, si vous cherchez √† √©veiller vos papilles aux saveurs italiennes √† Lyon, vous tombez √† la bonne adresse ! La d√©licatesse et la fra√Æcheur sont au rdv. Max et Quentin sont au petits soin pour nous donner les conseils plats et vins ! Merci √† eux pour leur accueil !!!"
174,Coqs-fou,Coqs-fou,18 septembre 2021,Tr√®s bonne soir√©e,5.0,family,96,"D√Æner parfait avec une carte simple mais des plats int√©ressants..
Service professionnel avec le sourire
on a pass√© une tr√®s bonne soir√©e
on recommande d'ailleurs ma femme y retourne avec ses copines la semaine prochaine üòâ"
175,maxb,Maximechat,17 septembre 2021,Un professionnalisme rare,5.0,solo,1,"Venu apr√®s les vendanges je devais prendre mon bus √† Lyon Perrache mais il fallait que je d√Æne avant.

Je fais mes petites recherches en fonction de mes envie :. J'avais faim de produit de la mer. 
Je tombe sur ce petit bistrot de l rue Cond√© et me fait accueillir tr√®s chaleureusement par les associ√©s Arold et Maxence.

Accueil au top, une cuisine franche, ma√Ætris√©e √† la perfection, une s√©lection de vins incroyables, des vrais professionnels qui ont tout compris aux enjeux de ce m√©tier et l'√©poque pendant laquelle on l'exerce.  

Vous voulez passer un bon moment dans un restaurant sympa sur Lyon, le franzarin saura r√©pondre √† vos attentes, tr√®s longue vie, √† ce petit coin de paradis dans la belle Ville de Lyon."
176,Audrey N,321audreyn,16 septembre 2021,Top,5.0,friends,1,"Super soir√©e au Frazarin. L'accueil est chaleureux, les plats sont recherch√©s et divins.
A d√©couvrir !"
177,Gaelle-crzr,Gaelle-crzr,16 septembre 2021,Promesse tenue !,5.0,friends,45,"Des produits frais, plein de saveurs, un joli lieu, une accueil chaleureux...tout est r√©uni pour passer une excellente soir√©e.

Mention sp√©ciale √† la pizzeta aux figues fra√Æches et au Risotto...un d√©lice !

Nous reviendrons c'est une certitude !"
178,Sophie-tanuki,Sophie-tanuki,16 septembre 2021,De bons plats et un service de qualit√©,5.0,friends,177,D√Æner entre amis dans ce restaurant qui a le sens de l‚Äôaccueil et de la convivialit√©. Les plats √©taient faits maison et le go√ªt √©tait au rdv. Tout pour passer un moment agr√©able !
179,Louise B,louisebY2105SC,15 septembre 2021,Une super exp√©rience !,5.0,couples,1,Une carte courte pour des plats super frais et originaux. Nous nous sommes r√©gal√©s et nous ne manquerons pas de revenir. L‚Äôaccueil est excellent et le rapport qualit√© prix √©galement.
180,SISTERON,bbsi,13 septembre 2021,Une belle d√©couverte,5.0,couples,22,"Tr√®s belle d√©couverte de ce restaurant proche de la place Carnot. Accueil chaleureux et sinc√®re par les cr√©ateurs du lieu associ√©s au cuisinier. Mix Franco italien tr√®s bien ma√Ætris√©, salle intime √† la d√©co bistro chic. Les plats sont √† la hauteur du reste, bravo nous vous souhaitons beaucoup de r√©ussite vous le m√©ritez!"
181,Pierre C,J2512BWpierrec,8 septembre 2021,Exquis !,5.0,family,1,"Quel d√©lice de se retrouver entre la France et l‚ÄôItalie dans cette salle √† l‚Äôambiance ma√Ætris√©e ! 
Un restaurant au menu unique, qui ma√Ætrise l‚Äôart de laisser le choix, pour satisfaire toutes les papilles, les aguerries comme les amatrices. Un √©norme coup de c≈ìur sur les moules propos√©e en entr√©e lorsque j‚Äôy √©tais !"
182,BackPacker719247,BackPacker719247,7 septembre 2021,On reviendra,5.0,couples,1,"Tr√®s belle accueil, repas sans faute.
Tr√®s bon rapport qualit√©-prix.

Nous avons passez un super moment, merci pour tout."
183,Zo√© B,Zoxy88,1 septembre 2021,Excellente cuisine dans un cadre chaleureux !,5.0,friends,9,"Super restaurant a Lyon ! La carte est restreinte car renouvell√©e r√©gulierement et au moins on ne passe pas trop longtemps a choisir ! De plus le personnel est tres amical et attentionn√© et sais vous conseiller pour les plats ou le choix du vin. La cuisine est fine et travaill√©e, les gouts sont incroyables, les association de saveur originales et bien √©tudi√©e et les produits frais. Tout est excellent et le service est parfait ! Je recommande completement et je reviendrais ! Merci pour cette belle experience culinaire !"
184,M V,mv436,31 ao√ªt 2021,A d√©couvrir sur Lyon,5.0,friends,5,"Une adresse de choix ! 
Accueil chaleureux, plats excellents avec des produits de qualit√©.
Allez y vous ne serez pas d√©√ßus"
185,hugo m,hugomK1357LR,27 ao√ªt 2021,P√©pite,5.0,friends,1,"Rapport qualit√© prix incomparable. 
France Italie 2 terroirs tr√®s riche. J y retournerais c est sur ! 
A conseiller encore et encore 
Cuisine √©labor√© et service tr√®s sympathique"
186,Fanny Weber,746fannyw,27 ao√ªt 2021,Vraiment d√©licieux,5.0,family,17,"Un resto √† ne pas rater sur Lyon . 
Une √©quipe au top , des plats raffin√©s et tr√®s recherch√©s .
Une vraie surprise . 
Foncez . 
Rapport qualit√© /prix incomparable. !"
187,Camille B,H448YBcamilleb,25 ao√ªt 2021,Juste parfait,5.0,family,1,"Un petit havre de paix qui propose des produits 100% frais sur une carte soigneusement s√©lectionn√©e. La qualit√© des produits est incroyable et les plats recherch√©. Tout √©tait parfait, du vin au dessert. D√©finitivement une adresse √† ne pas rater √† Lyon, en plus avec une √©quipe chaleureuse et aux petits soins qui change"
188,Erwan L,190erwanl,28 juillet 2021,Un merveilleux moment entre amis,5.0,none,1,"Conseill√© par un ami, nous sommes venus d√©jeuner dans ce restaurant.
Je peux maintenant confirmer que mon ami ne s'est pas tromp√©...que dire de l'entr√©e, du plat ou du dessert tout est parfaitement maitris√© avec un service particuli√®rement attentionn√©.
Et que dire de la carte des vins...bien conseill√© par le sommelier nous avons d√©gust√© un Barolo 2010, une ann√©e exceptionnelle, pour un moment exceptionnel !
Bref...toutes mes f√©licitations √† cette jeune √©quipe qui a un tr√®s bel avenir devant-elle.
Je reviendrai rapidement et je recommande vivement ce restaurant √† tous ceux qui veulent d√©couvrir la gastronomie franco-italienne."
189,Carolina S,carolinasZ9419VN,25 juillet 2021,Meilleur restaurant de Lyon !,5.0,friends,6,"Si vous chercher un restaurant avec un cadre chaleureux et moderne, un menu recherch√© sans √™tre pr√©tentieux, avec de super produits et un service top vous √™tes au bon endroit! Le menu a 35‚Ç¨ est juste d√©licieux, et la carte des vins franco/italienne courte mais super bien s√©lectionn√©e! Entant qu‚Äôitalienne, ce restaurant franco/ Italien n‚Äôa rien √† envier aux restaurants de la botte. Un grand bravo au chef et √† l‚Äô√©quipe en salle qui, entant que petit plus, concocte de superbes cocktails !"
190,Clement S,clements617,24 juillet 2021,Un des meilleurs restaurants de Lyon,5.0,friends,6,"Repas exceptionnel du d√©but √† la fin, un sans faute ! En commen√ßant bien entendu par la cuisine, digne d‚Äôun √©toil√©, mais aussi le service. Mention sp√©ciale au jus frais de tomate et sa glace moutarde. 
Les cocktails √©taient d√©licieux et la carte des vins top. 
Allez y les yeux ferm√©s, un des meilleurs restaurants de Lyon !"
191,Nicolas S,nicolass187,24 juillet 2021,Un des meilleurs restaurants de Lyon !,5.0,friends,2,"Une claque culinaire et un service aux petits oignons !
La carte change toutes les deux semaines, tout est fait maison.
Un des meilleurs restaurants de la r√©gion.
A faire et refaire... Toutes les deux semaines"
192,L√©a C,l_ac300,24 juillet 2021,Allez y les yeux ferm√©s,5.0,friends,7,"Superbe qualit√© des produits, carte qui change r√©guli√®rement et service impeccable ! Que demander de plus ‚Ä¶"
193,isabellemusy,isabellemusy,16 juillet 2021,A FAIRE CONNA√éTRE,5.0,friends,4,"Tr√®s bon accueil
Tr√®s bon chef
Tr√®s bons produits franco italien
Allez y sans mod√©ration
TOP  √† decouvrir
Pr√©sentation magnifique
"
194,mumu,Curiosity18096379272,16 juillet 2021,Topissime,5.0,friends,1,"Excellent moment entre amis ou nous avons d√©couvert une cuisine raffin√©e tr√®s originale avec de tr√®s bons produits 
Patrons tr√®s sympas 
A d√©couvrir 
Je recommande vivement"
195,JacqSpot,JacqSpot,15 juillet 2021,Bient√¥t Etoil√©,5.0,none,316,"A l'occasion d'un weekend √† Lyon, des amis m‚Äôont fait d√©couvrir ce restaurant pr√®s de la place Carnot. Le mariage de la cuisine Italienne et de la gastronomie Fran√ßaise a fait les d√©lices de tous les convives. Au-del√† du choix des produits frais, les cuissons et les dressages sont parfaits. Le service en salle est fait dans une bonne atmosph√®re. Avec cette √©quipe form√©e √† l‚ÄôInstitut Paul Bocuse et le chef qui a fait ses classes aupr√®s de JF Pi√®ge, je suis convaincu que l‚Äô√©toile est pour bient√¥t. Je suis ravi d‚Äôen avoir profit√© au vu du prix, de la qualit√© et de l‚Äôambiance."
196,Pounet,PounetX4,15 juillet 2021,Parfait,5.0,none,1,"Cuisine au top, accueil au top !. Un grand chef et son √©quipe √† l'√©coute de ses clients. Tout extra."
197,JJ p,posteljj,15 juillet 2021,Un futur grand,5.0,none,1,"Ce diner entre amis fut tr√®s agr√©able gr√¢ce √† l'accueil, au service, et √† tous les plats cuisin√©s d'une mani√®re tr√®s inventive et m√™lant des saveurs rares. Une grande r√©ussite, bravo √† l'√©quipe, continuez sur cette voie, vous avez toutes les bonnes cartes en main."
198,Hollidays,Hollidaysalway,14 juillet 2021,"Mais c‚Äôest tellement BON!!!  Accueil parfait, gentillesse, professionnalisme et plats archi delicious!!!Merci",5.0,solo,17,"Parfait / delicious / chef au top/ go√ªteux / g√©n√©reux / addictif . 
Une vraie belle d√©couverte. 
Nous reviendrons tr√®s tr√®s vite"
199,PHDAZET,PHDAZET,11 juillet 2021,DIGNE D'UN GRAND CHEF,5.0,none,1,"diner de groupe au top: accueil,  cuisine originale digne d'un grand chef (produit, travail, recherche, pr√©sentation) et un service parfait"
200,Mich R,363mich,10 juillet 2021,M√©rite le d√©tour,5.0,friends,2,"Cuisine divine et originale, accueil chaleureux   cadre tr√®s agr√©able, prix raisonnables, service efficace."
201,frdebouck,frdebouck,10 juillet 2021,Une table inventive,5.0,none,2,"Formidable d√©couverte hier soir
Une bonne adresse que l'on garde et que l'on partage avec ses amis
J'ai tout aim√© : la proximit√© de la place Carnot, l'accueil, le cadre avec sa sobri√©t√©, la cuisine inventive,  la grande qualit√© du repas et la qualit√© du service
Un d√©but prometteur ... des jeunes qui vous √©tonneront
L'adresse id√©ale pour offrir - ou s'offrir - un moment chaleureux et de qualit√©"
202,GREGORY D,820gregoryd,9 juillet 2021,Super restaurant,5.0,family,1,"De passage √† Lyon, nous sommes tomb√©s par hasard sur ce charmant restaurant o√π nous avons √©t√© super bien accueillis. Le service est impeccable, le personnel est tr√®s agr√©able et de bon conseil. Les plats tous faits maisons sont d√©licieux et cela pour un prix raisonnable. Nous vous recommandons ce restaurant."
203,laure Reynaud,laure_reynaud,4 juillet 2021,Convivialit√© et d√©lices,5.0,couples,1,Nous avons eu la joie de d√©couvrir le Frazarin samedi soir avec mon mari . On s‚Äôest r√©gal√©s !! Un lieu tr√®s charmant et une √©quipe aux petits soins . Un menu qui permet d‚Äôallier d√©couvertes italiennes et d√©lices fran√ßais . Je recommande les yeux ferm√©s
204,Mic T,MicT39,4 juillet 2021,Escapade gourmande,5.0,friends,5,"Nourriture excellente, cadre tr√®s accueillant et √©quipe forte aimable. Une entr√©e (soupe de tomate, glace moutarde) incroyable!je recommande vivement!"
205,christophe_gras,christophe_gras,4 juillet 2021,√Ä tr√®s vite !,5.0,couples,1,"Il y a ce c√¥t√© simple d'avoir l'impression d'√™tre re√ßu par de nouveaux amis qui veulent vous faire d√©couvrir leur univers. Un peu de street food italienne par ci, un classique r√©gional fran√ßais par la, dans un espace contemporain chaleureux. Pas de service √† la carte le soir, mais un entr√©e / plat / dessert d√©gustation, comme on le ferait naturellement √† la maison. 

Mais dieu qu'ils sont efficaces dans ce qu'ils font ces amis. Des assiettes savoureuses, belles, √©quilibr√©es. Un service qui sait les raconter, les accompagner tout en justesse de vins ou spiritueux.

Une tr√®s belle adresse, o√π l'on ne se pose pas la question d'y revenir, mais plut√¥t quand !"
206,laurent,Sherpa12287408028,26 juin 2021,Un r√©gal!,5.0,solo,4,"Cuisine, accueil merveilleux de cette bande sympathique de jeunes issus de l‚ÄôInstitut Baucuse. Ils sont vraiment dignes du Ma√Ætre! Ils m√©ritent qu‚Äôon leur donne leur chance."
207,MandyPak,MandyPak,26 juin 2021,Super bon,5.0,couples,4,Superbe accueil. Tout est merveilleusement bon et superbement pr√©sent√© . On est ravi du conseil de notre concierge √† Sofitel.
208,quinette42,quinette42,24 juin 2021,Tr√®s sympa !,5.0,family,14,"Une belle d√©couverte. Accueil parfait,  super ambiance.
Excellente cuisine,  avec une belle carte des vins.
Les prix sont tr√®s corrects."
209,Mass√© N,616mass_n,28 mai 2021,J'y retournerai,5.0,friends,12,Restaurant au service soign√© tenu par 3 jeunes dynamiques. Les plats y √©t√© raffin√©s et l'ambiance detendue. Une bien belle prestation malgr√© des conditions d'accueil rendu difficile en ces temps. H√¢te de pouvoir appr√©cier la salle donnant sur la cuisine ouverte. Je conseil vivement. 
210,ill_lrt,illiaml,13 mai 2021,Restaurant √† d√©couvrir !,5.0,family,1,"De passage √† Lyon, nous avons d√©couvert ce tr√®s bon restaurant ! Bien accueilli et conseill√©.
√Ä red√©couvrir sur place avec plaisir lorsque les restaurants seront √† nouveau ouverts."
211,Paul A,french_step,6 mai 2021,Parfait !,5.0,family,7,"Mets raffin√©s, avec de tr√®s bons produits ! Les quantit√©s sont g√©n√©reuses, m√™me pour un gros mangeur comme moi !
On ne saurait recommander incessamment sous peu...

Merci ! "
212,virginie E,Ginie_tievent,3 avril 2021,Bravo,5.0,family,2,"Accueil chaleureux et cuisine italienne de qualit√©.
Coup de c≈ìur pour les asperges et les p√¢tes !
Un r√©gal 
Bravo !"
213,S√©bastien,Seb_la_batte,27 mars 2021,Excellent,5.0,friends,1,"Un service au petits oignons, un accueil chaleureux, de bons conseils, des supers bons produits, de l'entr√©e au dessert, tout est parfait. Pour ceux qui recherche la parfaite combinaison entre l'Italie et la France, ici vous allez √™tre servi."
214,Charly Thirion,460charlythirion,27 mars 2021,La g√©niale foccacia,5.0,couples,3,"Une nouvelle tr√®s bonne  adresse √† Lyon !
Apr√®s avoir vu cette magnifique fa√ßade en vieilles pierres , nous entrons dans ce restaurant o√π nous sommes re√ßu par une √©quipe chaleureuse et agr√©able qui nous explique le concept et la d√©finition myst√©rieuse du nom : ¬´¬†Frazarin¬†¬ª.
Vu les restrictions  sanitaires , nous prenons un sandwich √† emporter (dommage car le lieu donne envie de s‚Äôy attarder) fait dans une foccacia maison avec de la bresaola, de l‚Äôartichaut , de la roquette , du parmesan  et une succulente huile citronn√©e ! Sandwich divin qu‚Äôon ne mange pas √† tous les coins de rue , servi avec des chips bien croquantes et une belle salade. Tr√®s agr√©ablement surpris par la portion cons√©quente.
Je recommande et compte bien y retourner pour go√ªter le paleron de b≈ìuf qui m‚Äôa tap√© dans l‚Äôoeil !
Sans oublier de l‚Äôaccompagner avec un excellent Chianti ^^"
215,Kewine69,Kewine69,27 mars 2021,Excellent,5.0,none,22,"Une superbe d√©couverte en cette p√©riode de (confinement pour les restaurateurs), nous avons command√© √† emport√© et on s'est r√©gal√©. Si la qualit√© est d√©j√† topissime en click and collect,  nous avons h√¢te d'√™tre accueilli sur place pour + de plaisir. Vivement la r√©ouverture des restaurants. Le concept est excellent, produits frais, belle carte des vins, et l'√©quipe est hyper sympathique.

Je recommande vivement!"
216,Sylvie L,Q3286YWsylviel,13 mars 2021,Cuisine tr√®s bonne,5.0,none,1,J‚Äôadore la petite touche de cerfeuil la cuisine est raffin√©e la livraison est rapide vraiment tr√®s bien
217,Quentin P,152quentinp,12 mars 2021,Foie gras et saumon gravlax a tomber,5.0,family,6,"Tomber sur ce restaurant en d√©cembre j ai gout√© leur foie gras et saumon. Un regal. 
Hate de pouvoir profiter de cette endroit pour l.ouverture des restaurants. "
218,H√©l√®ne S,h_l_nes91,14 f√©vrier 2021,Super Frazar√Æn,5.0,family,1,Premier restaurant en famille absolument fabuleux merci pour ce bon moment pass√© la qualit√©  des plats est √† la hauteur de la quantit√© üòÉ nous recommandons si vous aimez la France et l‚ÄôItalie foncez üëåüëã
219,voyageur 69,Journey817314,4 f√©vrier 2021,"super accueil, super produits, super concept!!",5.0,none,1,"Je suis all√© plusieurs fois prendre mes repas √† emporter dans ce nouveau bistrot franco-italien, tr√®s proche de la place carnot.
A chaque fois j'ai √©t√© accueilli avec les sourire par les 2 jeunes hommes et le cuisinier √©galement. Ils proposent une carte vari√© tout en pr√¥nant le tout fait maison comme: les pates fra√Æches, les ravioles, la foccacia et toute les autres pr√©parations. 
Je recommande √† 100% car dans ces p√©riodes difficiles il est bien de soutenir des projets comme celui ci, surtout qu'ils proposent un super rapport qualit√© prix."
220,Charles fournier,S5738JNcharlesf,4 f√©vrier 2021,Excellent !,5.0,friends,1,"Allez-y les yeux fermer ! Tout est bon de l‚Äôentr√©e au dessert. Accueille super, ambiance conviviale. 
Merci √† vous !"
221,Judith Radenac,judithRdnc,4 f√©vrier 2021,Vraiment excellent !,5.0,none,17,Une petite p√©pite ! Une restaurant avec un petit menu mais que des plats de qualit√©s ! Je recommande sans r√©serve 
222,Nicolas H,M6202CXnicolash,2 f√©vrier 2021,Merci pour cette d√©couverte,5.0,none,1,"Quel plaisir malgr√© cette p√©riode difficile pour les restaurateurs de voir de jeunes professionnels se lancer et de proposer une offre de qualit√©. 

J ai pu essayer a trois reprises les formules propos√©es √† la vente √† emporter et j'ai toujours √©t√© bluff√© par la cuisine et la qualit√© des mets propos√©s. Les pates sont authentiques et fraiches c'est un vrai voyage en Italie. 

Merci pour ce partage, hate de pouvoir enfin venir d√©couvrir le menu tout entier lorsque les restaurants auront re-ouvert !"
223,Rodolphe I,Rodolphei54,1 f√©vrier 2021,D√©licieux voyage !,5.0,friends,3,"Super sympa ! Trois dipl√¥m√©s de l‚Äôinstitut Bocuse qui partagent avec passion leur amour de la cuisine franco-italienne. Ils prennent toujours quelques minutes pour donner des d√©tails sur la provenance et la meilleure fa√ßon de cuisiner leurs produits d‚Äôexcellent rapport qualit√©/prix. 
Voyage dans de succulentes contr√©es garanti, merci encore ! 

Ps: Testez absolument leurs arancini/charcuteries/focaccia autour d‚Äôune bouteille de Primitivo (rouge sarde), une tuerie ! "
224,souced,goinfre789,28 janvier 2021,Excellent,5.0,none,1,"Vivement la r√©ouverture de la salle. Les plats √† emporter sont excellent, et la blanquette , un vrai bonheur."
