user,user_profile,date_review,title,rating,type_visit,num_contributions,review
Rolande L,rolandel2025,10 janvier 2025,"L endroit est parfait, la salle chaleureuse, le personnel tr√®s gentil et tr√®s pr√©sent, les plats, enfin ce qui est servi",2.0,couples,1,"L endroit est parfait, la salle chaleureuse, le personnel tr√®s gentil et tr√®s pr√©sent, les plats, enfin ce qui est servi, sont minimalistes et les portions ridicules. Nous avons eu un plat enfin une √©tape, avec 1 seule crevette. Comment est ce possible?? Un sandre de 2 cms sur 2 cms, 1 seul escargot cuit nature, des tartines de beurre etc ... Nous pensions que c √©tait des amuses bouches, mais que nenni!! 
C √©tait le repas.... Ne pas venir dans ce restaurant pour manger!!! Et le prix √† payer est tr√®s tr√®s cher pour la quantit√© mang√©e."
dalida d,767dalidad,7 novembre 2024,Une promenade,5.0,couples,37,"Merci √† toute l‚Äô√©quipe qui nous a accompagn√© toute la soir√©e dans cette belle promenade culinaire. Cela ne se raconte pas ‚Ä¶. cela se d√©couvre, se respire et se d√©guste dans un d√©cor charmant et chaleureux."
Cel69,Cel69,27 juillet 2024,Moment d‚Äôexception,5.0,couples,260,"Superbe d√©couverte , des mets d‚Äôune grande finesse mais qui fleurent bon le terroir , tout √©tait excellent , cadre authentique , ma√Ætres des lieux tr√®s sympathique et d‚Äôune grande d√©licatesse . Merci pour cette parenth√®se culinaire exceptionnelle"
gasiot p,Mobile537612,12 juillet 2024,Flamboyant,5.0,couples,5,"Un retour gagnant septembre 2023 Une premi√®re exp√©rience des plus r√©ussie avec d√©j√† des √©motions Gustatives et un choix de produits audacieux. Ce soir fut  un retour 
FLAMBOYANT un des repas qui reste en m√©moire et qui vous fera revenir √† coup sur a cette magnifique adresse ou la qualit√© de l' accueil est a la hauteur de cette exceptionnelle table Lyonnaise.
BRAVO
Pascal Gasiot "
Acy1511,Acy1511,2 juillet 2024,Excellent d√Æner belle d√©couverte,5.0,couples,573,"Cuisine originale excellente, avec de belles surprises gustatives Silure Grenouille escargot, dessert excellent et aussi original pour le m√©lange chocolat c√®pes , service professionnel un point d am√©lioration le service du vin n est pas assez suivi on s est retrouv√© plusieurs fois sans vin alors que le plat √©tait servi et un d√Æner qui dure un peu trop √† notre go√ªt 20:00 √† minuit c √©tait un peu trop long pour nous bien que tout √©tait excellent, une tr√®s belle d√©couverte"
Zelaznog43,Gonzo_trip43,11 juin 2024,Parfait,5.0,couples,10,"Tout simplement parfait‚Ä¶ l‚Äôendroit est chaleureux, le personnel tr√®s accueillant. C‚Äôest une cuisine tr√®s raffin√©e avec des produits simples et locaux. Tr√®s belle exp√©rience merci."
Camille C,619camillec,10 juin 2024,Excellent d√Æner d‚Äôanniversaire !,5.0,couples,216,"Une tr√®s jolie exp√©rience.
Atmosph√®re charmante du d√©but √† la fin, accueil parfait, service aux petits soins et excellente qualit√© de produits. Superbes saveurs et d√©gustation ludique et hyper agr√©able.
Dommage de facturer l‚Äôeau plate mais √ßa n‚Äôentache pas l‚Äôexp√©rience. 
Je recommande chaleureusement de r√©server une table √† cette belle adresse.
Merci"
Guizzmo (Karine et Vincent),Guizzmo,20 mai 2024,Exp√©rience extraornidaire,5.0,couples,42,"Le menu (unique) que nous avons d√©gust√© est un vrai po√®me, une ode √† la gastronomie, un exemple de ce que le g√©nie cr√©atif peut inventer pour nous faire √©vader le temps d'une soir√©e.
Tous les plats √©taient fins, parfaitement ma√Ætris√©s, originaux, rustiques par leurs composants, mais tellement complexes une fois ces composants assembl√©s ensemble.
Pour commencer, un trio de plats autour du silure :
* rissole croustillante, tarama de silure et charcuterie
* soupe de peau de silure fum√©e, lentilles croquantes : soupe plut√¥t en √©mulsion, c'est un plat 20/20. Quand on le go√ªte, une seule envie : en avoir un 2√®me bol
* biscuit de silure et ≈ìufs de brochets : comme un croque monsieur d√©coup√© en ""doigt"". Cuisson du croque parfaitement r√©alis√©e, au milieu, comme un flan parfum√© au silure.

Puis le th√®me autour de la grenouille : (l√† aussi, on aimerait un 2√®me oeuf)
* cuisses de grenouilles un peu en cro√ªte d'√©pices √† tremper dans
* un ≈ìuf de poule, ail des ours, brebis. L‚Äô≈ìuf est pr√©sent√© dans une assiette tr√®s r√©ussie visuellement avec galets, pomme de pin et petite branche. Le fait de faire mouillette avec la cuisse de grenouille dans l‚Äô≈ìuf a un c√¥t√© rappelant l'enfance mais aussi compl√®te parfaitement le go√ªt de la cuisse de grenouille.

Artichaut, fleur d'ail et neige de brebis.

Les escargots cuits dans leurs coquilles, petits pois √† la braise et herbes potag√®res, brioche toast√© au beurre d'escargots.

Omble chevalier cuit √† la flamme, carottes et fleurs des champs.

Pigeon, olives, framboises et ant√©site
La cuisse confite et grill√©e

En transition pour le dessert : un chocolat Valrhona fourr√© au suc de foie de pigeon et framboise : tr√®s original, parfaitement dos√©, et tr√®s savoureux.

Les fraises au naturel, sorbet fromage blanc et fleurs de sureau, biscuit paysan (biscuit avec une cuisson parfaite)

Les c√®pes :
* en esquimau
* mousse au chocolat fum√©
* petit ourson

En cuisine, tout est parfaitement rod√©. Et pourtant, pour sortir un tel menu minut√© √† chaque table, il faut √©norm√©ment d'√©nergie. Bravo √† eux, car ils participent √† la r√©ussite de ce repas, cach√©s derri√®re leurs fourneaux.

Le service est sans faute et souriant.

Nous avons eu la chance de faire des grands restaurants. Et celui-ci est dans notre top 3 avec Marc Veyrat (auberge de l'Eridan) et  les fr√®res Marcon. C'est peu dire.

Il a 3 toques (m√©rit√©es) au Gault et Millau mais une seule √©toile (incompr√©hensible) au Michelin.

Le tarif est plus que raisonnable : 115 euros. Cela change  de certains √©toil√©s dont le prix des menus devient astronomique"
Marc,907hassanb,15 avril 2024,Excellente exp√©rience culinaire,5.0,friends,19,"Nous avons v√©cu une excellente exp√©rience culinaire. Des plats raffin√©s, savoureux et √©quilibr√©s. Le service √©tait tr√®s bon et le personnel aux petits soins."
maxrvp20,maxrvp20,17 f√©vrier 2024,Excellents mets,5.0,friends,928,"Un d√©licieux repas ponctu√© en 10 temps. Avons pu d√©couvrir des produits inattendus tel que le silure en d√©clinaisons. 
Tout √©tait beau, bien travaill√©, goutu, nous nous sommes r√©gal√©s ! 
Un excellent moment avec un service tr√®s agr√©able. 
Avions pris l‚Äôaccord mets et vins, les vins et boissons sont assez surprenants , pas tout public je dirai tout de m√™me , mais en bonne ad√©quation avec les mets. 
Combles tout de m√™me !"
gasiot p,Mobile537612,13 f√©vrier 2024,Belle exp√©rience,5.0,couples,5,Bravo une belle r√©ussite a un tarif attractif pour cette qualit√© dans les assiettes avec en prime de belles d√©couvertes de produits. Un service et des explications sur les plats impeccable a refaire
jeanluccoperet,jeanluccoperet,9 novembre 2023,Un Grand moment ‚Ä¶une tr√®s belle d√©couverte qui m√©rite le d√©tour ‚Ä¶.! Bravo,5.0,couples,7,"Un Accueil avec un grand A,  beaucoup d‚Äôattention envers le client pour une belle balade toute en d√©licatesse avec des mets et des saveurs √† d√©couvrir . Une tr√®s belle soir√©e , incroyable et inoubliable gr√¢ce √† une √©quipe au top !"
guillaume m,guillaumem782,8 septembre 2023,Un Moment exceptionnel,5.0,couples,98,"Un moment exceptionnel dans ce restaurant aux saveurs incroyables.
Le personnel dans son ensemble est attentionn√© passionn√© et passionnant.
Si vous avez la chance de prendre un peu de temps pour discuter avec le chef, vous d√©couvrirez La passion de la cuisine.
A faire, refaire et...
Merci et bravo."
Salari_6cd,Salari_6cd,11 ao√ªt 2023,Ode √† la nature,5.0,couples,28,"Nous avons longuement h√©sit√© entre plusieurs adresses et nous ne regrettons pas notre choix. Tout d'abord l'ambiance, qui est extr√™mement chaleureuse. C'est petit, mais on se sent vraiment bien. Nous avons pu choisir d'√™tre install√© √† une table donnant sur la cuisine. On vous recommande cette place qui permet d'admirer le travail de l'√©quipe et la beaut√© des produits travaill√©s. Nous avons rencontr√© un chef passionn√© et talentueux qui casse les codes pour anoblir des produits insoup√ßonn√©s. On se laisse embarquer dans une balade au sein de notre terroir o√π l'on va de surprise en surprise.  C'est audacieux, cr√©atif, jamais d√©cevant et fait de d√©couvertes inattendues. Le rythme est parfait, les d√©gustations g√©n√©reuses. La soir√©e a √©t√© plus qu'agr√©able, du bonheur pour nos pupilles et papilles. Ce fut une tr√®s belle d√©couverte que nous recommandons vivement. "
coco 42,766corinep,19 juillet 2023,Excellente exp√©rience,5.0,couples,8,"De surprise en surprise, pour les yeux et le palais! Des d√©couvertes inattendues comme le silure . Le sentiment d‚Äô√™tre privil√©gi√©, dans un lieu privil√©gi√©‚Ä¶. √Ä essayer et recommencer!"
frantzyannm,frantzyannm,19 juillet 2023,une promenade incroyable !,5.0,couples,31,"une exp√©rience incroyable du d√©but √† la fin. Dire que c'√©tait d√©licieux est r√©ducteur du travail en cuisine. Une pr√©cision des gouts, un √©quilibre incroyable et avec des produits qui ne font pas forc√©ment r√™ver au d√©part. Un accueil tr√®s tr√®s agr√©able avec pleins de petites attentions. Franchement je ne peux que recommander et vous inviter √† suivre cette ballade. Juste un petit conseil le repas est tr√®s copieux, √† bon entendeur"
cdelco,Cdelco,9 juillet 2023,Excellent ! Pas d‚Äôautre mot,5.0,friends,390,Cuisine excellente et inventive. Vous ne connaissez pas le menu a l‚Äôavance mais chaque plat est une exquise surprise! Le service est particuli√®rement attentionn√©. Carte des vins g√©n√©reuse surtout pour les vins natures.
anne-laure j,617annelaurej,15 juin 2023,Un voyage nomm√© plaisir,5.0,couples,1,"Nous avons d√Æn√© hier soir dans cette incroyable endroit. Tout √©tait absolument parfait, chaque bouch√©e √©tait une invitation √† la d√©couverte ou un retour en enfance. Un plaisir gustatif hors du commun. J'ai ferm√© les yeux pour appr√©cier chaque bouch√©e qui vous emm√®ne loin, tr√®s loin. Equilibre parfait entre mets et vins propos√©s ; valse des plats au bon rythme, √©quipe tr√®s professionnelle et chaleureuse, d√©coration soign√©e sans √™tre ostentatoire . Un moment hors du temps, une jolie bulle de plaisir √† consommer sans mod√©ration. "
Tranquilo L,TranquiloLodge,10 juin 2023,10 stars would not be enough,5.0,family,94,"Nous avons eu le plus grand plaisir de d√©couvrir cette invitation au voyage culinaire en 10 temps et multiple petites bouchees. 
Il est ind√©niable que les produits sont m√©ticuleusement pens√©s, recherch√©s et mari√©s pour cr√©er cette parfaite balance entre la cr√©ation artistique et l‚Äôauthenticit√© du go√ªt incroyable de chaque √©l√©ment. 
Dans un cadre tr√®s agr√©able, sans pr√©tention, chaleureux par ces bois et autres √©l√©ments de la terre, nous nous sommes laiss√© guider par une √©quipe soud√©e, dynamique √† l‚Äôimage de leur ambition, qui nous a √©veill√© nos papilles gustatives tout au long de notre exp√©rience.
Nous avons particuli√®rement appr√©ci√© les saveurs authentiques des produits de leur menu qui se m√©lange parfaitement avec la cr√©ation tr√®s contemporaine du chef et son √©quipe.
Bravo pour avoir su cr√©er  ce menu dont le fil conducteur du fum√©, des ar√¥mes champ√™tres, sauvages ou fermiers est pr√©serv√© et nous a permis d‚Äôappr√©cier chaque instant de ce voyage.
Les Poui√±ly Fuisse choisi par le sommelier se sont Marie parfaitement.
Ce lieu est plus qu'un restaurant, c""est une destination. "
Anatole Uzel,Anatole4563,31 mai 2023,Exp√©rience de r√™ve,5.0,couples,11,"Une √©quipe au top, une cuisine merveilleuse et surtout un accord met et vins √† la hauteur de la cuisine !
Rien √† dire ! Bravo √† toute l‚Äô√©quipe "
Jacques H,166jacquesh,8 avril 2023,Parenth√®se enchant√©e...,5.0,couples,43,"Un cadre chaleureux avec un nombre de convives r√©duit
Une √©quipe attentionn√©e et souriante
Des produits de la (grande) r√©gion, plut√¥t rustiques (pas tous...)
Une cuisine inventive, parfois audacieuse, toujours coh√©rente
Des go√ªts justes (bouillon, jus), des cuissons ma√Ætris√©es (pintade !!!)
Un sommelier qui propose de belles trouvailles r√©gionales en accords mets/vins 
Des attentions qui font que la soir√©e est r√©ussie jusqu'au bout 
N'h√©sitez-pas, venez profiter de cette p√©pite. 

"
Chris T,O123DSchrist,23 mars 2023,Superbe exp√©rience,5.0,family,51,Exp√©rience surprenante et envo√ªtante. Sur le th√®me de la campagne le chef nous a fait voyager en Rh√¥ne Alpes avec des produits locaux et des m√©langes inattendus mais le tout donne un repas somptueux. L‚Äôaccord mets vins est parfait sans oublier le service au top tout en √©tant d√©tendu et proche de ses clients.
Agn√®s R,agn_sr876,14 mars 2023,Je reviendrais,5.0,none,53,"Un restaurant exceptionnel qui est une red√©couverte √† chaque visite. Je ne me lasserai jamais de ce service et de cette cuisine. Le chef cr√©e une magnifique histoire √† travers des produits inattendus. Merci beaucoup pour ces beaux moments.
"
malolactique,malolactique,28 f√©vrier 2023,Super moment !,5.0,friends,205,Beaucoup de personnalit√© et de g√©n√©rosit√©. Succession d‚Äôexp√©riences toujours justes qui marient √† merveille l‚Äô√©tonnement et le plaisir. Merci !
Audrey C,ademigus,26 f√©vrier 2023,L'art et la mani√®re de sublimer des produits locaux : Excellent,5.0,none,10,"Le challenge est d'office annonc√© : tous les produits sont locaux, dans un rayon de 250 km max de Lyon. 
C'est fou comme le chef peut faire des miracles et sublimer des produits simples : les variations autour d'une m√™me mati√®re premi√®re sont inventives (j'ai red√©couvert le silure!), les associations audacieuses (cassis/cr√®me de marron/reine des pr√©s OU omble chevalier/caf√©/lard gras) et les mariages avec les vins sont os√©s (vive le sak√© de la Loire !). Un grand bravo au chef et √† tout son personnel de tr√®s bons conseils et tr√®s professionnel. Le repas √©tait d√©licieux. Un grand MERCI !"
Jean O,jeanoB3170MI,19 f√©vrier 2023,EXCELLENT,5.0,none,15,"Une cuisine inventive, vari√©e, subtile et excellente  
Un service attentionn√© et des explications tr√®s int√©ressantes sur l‚Äôorigine des plats"
Nicolas V,NicolasV416,3 f√©vrier 2023,"Excellente surprise, nous reviendrons",5.0,none,27,"Un enchantement du d√©but √† la fin, les produits sont pr√©sent√©s dans leur simplicit√©, bruts, rustiques, mais savoureux.
L'√©quilibre des go√ªts, le partie pris fum√©e des produits et l'accord mets et vins font que l'on passe un tr√®s bon moment, le tout dans une d√©marche locavore.

Nous reviendrons plus nombreux."
guillaume m,guillaumem782,29 octobre 2022,Un moment magique.,5.0,couples,98,"Un moment extraordinaire.
Des saveurs exceptionnelles pour ce moment magique.
Bravo et merci de nous avoir fait d√©couvrir ces superbes plats.
"
marc p,marcpI7054QS,15 octobre 2022,Explosion de saveurs,5.0,none,1,"Une magnifique surprise que cette table et son chef ! Nous d√©couvrons, car le menu est une surprise, la succession de plats comment√©s par le chef et son √©quipe. Chaque d√©couverte est un enchantement de saveurs et nous nous laissons prendre √† ce jeu subtil. La passion du chef est pr√©sente dans chaque composition, merci !"
Fnr,fnr69480,8 octobre 2022,Une tr√®s tr√®s belle table,5.0,family,524,"Bel accueil et joli cadre, et surtout, un v√©ritable voyage pour les papilles avec des d√©couvertes surprenantes, notamment le plat autour du silure. Les explications apport√©es pour chaque plat sont √©galement un plus."
PtitLouis2012,PtitLouis2012,16 ao√ªt 2022,Exceptionnel....!!!,5.0,family,202,"3√®me visite....apr√®s 2 diners en couple...c'√©tait cette fois-ci en famille....et toujours aussi formidable.... Comment ne pas faire d√©couvrir √† nos enfants cette table et surtout cette cuisine....Ici le chef nous r√©gale d'une vraie cuisine d'auteur...empreinte de l'amour des produits de sa r√©gion...avec beaucoup de caract√®re et un engagement ind√©niable dans ses choix...le r√©sultat est tout simplement au top...un voyage qui finit toujours trop t√¥t....mention sp√©ciale pour l'√©quipe en salle qui est tout aussi comp√©tente que conviviale...en plus de la d√©gustation, on se sent bien ici....bravissimo...nous reviendrons...c'est s√ªr....!!!"
MxmFllt,MxmFllt,10 ao√ªt 2022,Tout simplement excellent,5.0,none,388,"Bel accueil de la part de l'√©quipe du restaurant. 
De tr√®s belles assiettes travaill√©es. 
Bons produits, tr√®s bien mis en valeur. 
Excellent.
Bon rapport qualit√© prix."
Milla,F8185CAalaind,27 juillet 2022,Nous en parlerons longtemps.,5.0,couples,7,"Rustique est un restaurant o√π chaque plat est pr√©par√© avec une d√©licieuse minutie. Textures et surprises sont au rendez-vous de chacun d'eux. Les go√ªts y sont tout √† la fois raffin√©s et prononc√©s. 
Le seul minuscule b√©mol est que, bien que d√©licieux, tous les desserts √©taient lact√©s. 
M√™me si cela ne ternit en rien la promenade gustative que nous avons faite dans une ambiance agr√©ablement d√©tendue. 
Merci √† toute l'√©quipe pour ce superbe moment et pour toutes les histoires culinaires que nous allons partager."
malolactique,malolactique,25 juillet 2022,Tr√®s belle adresse,5.0,couples,205,"Superbe cuisine, franche et juste. Accord mets et vins dans la m√™me lign√©e. Nous avons pass√© un super moment et nous reviendrons avec plaisir. Merci !"
FrenchFoodieAccro,FrenchFoodieAccro,16 juin 2022,Excellent !! A faire ‚Ä¶,5.0,friends,293,"Bel accueil, cadre sympathique, peu de tables
Un menu g√©nial. Fin et gourmand
Un sommelier √† suivre. Que des d√©couvertes tr√®s surprenantes
Un rapport Qualit√©/Prix incroyable !!!"
pop,cpaea26,21 avril 2022,Excellentissime,5.0,none,5,"Tout est parfait et original: le cadre accueillant, le service , la vaisselle et surtout la cuisine. Une belle d√©couverte √† laquelle on ne s‚Äôattend pas vu de l‚Äôext√©rieur . C‚Äôest une d√©gustation de mets diff√©rents, impossible de sortir avec la faim comme je l‚Äôai vu dans un avis. A conseiller √† nos meilleurs amis, √©ternels insatisfaits passez votre chemin. Bravo √† toute l‚Äô√©quipe."
lcx69,lcx69,15 avril 2022,Magnifique moment,5.0,family,3592,"C‚Äôest dans ces moments que l‚Äôon ne sait pas par o√π commencer. Alors commen√ßons pas la conclusion: c‚Äô√©tait un moment magnifique !

Pourquoi?
Parce que l‚Äôambiance y est rassurante, calme, cosy et naturelle. Les mati√®res et mat√©riaux sont superbement choisis, les tables en bois magnifiques et tout au long du repas vous replongez en pleine nature, avec la pr√©sence de pierres en granit, de mousse, de branches‚Ä¶
Bref une fois la porte pass√©e, vous n‚Äô√™tes plus vraiment √† Lyon.

Parce que le personnel y est sympathique, attentionn√© et √† l‚Äô√©coute, et jamais avare d‚Äôinformations tout en gardant cette justesse dans les explications.
Vous vous sentez bien et en confiance. 
Chaque plat se pr√©pare en partie sous vos yeux et vous commencez √† apercevoir la minutie dont il faut faire preuve pour finaliser chaque assiette. 

Parce que chaque assiette vous fait d√©couvrir ou red√©couvrir des produits que vous n‚Äôaviez soit jamais consomm√© soit jamais consomm√© de la sorte. Les saveurs y sont pr√©cises et justement accord√©es. 
Quel bonheur de d√©couvrir le plat signature ou m√™me le silure ou des lentilles comme jamais vous ne les auriez d√©gust√©s. 
Je ne citerais pas tous les plats je les ai tous aim√©. 

Parce que, habituellement, l‚Äôaccord mets et vins apporte une vraie touche suppl√©mentaire aux plats propos√©s, mais qu‚Äôici, les vins choisis sont vraiment diff√©rents des classiques habituels. Du Marignan, un bourgogne fa√ßon ¬´¬†Savagnin¬†¬ª, ‚Ä¶ des petites p√©pites dans un accord parfait. Bravo au sommelier et √† ses belles explications.

Et parce qu‚Äôavec tout cela se fut pour moi un bien bel anniversaire. 
Merci √† toute l‚Äô√©quipe."
Clothilde C,ClothildeC,10 mars 2022,Exp√©rience gustative exceptionnelle,5.0,couples,14,"Ne passez pas √† c√¥t√© d‚Äôun moment d‚Äôexception pour vos sens. Cuisine exceptionnelle, surprenante explosion de saveurs garantie 
Les assiettes sont belles, inventives et riches en saveurs 
Le service est excellent. Le personnel est pro, attentif et souriant 
Meilleure exp√©rience de notre vie alors que nous avons √©t√© mang√© dans plusieurs 3 √©toil√©s 
Allez y !!!"
mt44_16,mt44_16,9 mars 2022,Exp√©rience culinaire magique,5.0,couples,59,"Des plats tr√®s originaux, des go√ªts tr√®s pr√©cis avec des accords tr√®s √©quilibr√©s entre les ingr√©dients.
La promesse de sublimer des aliments ""rustiques"" est remarquablement bien tenue. 
Parmi les coups de c≈ìur de notre d√Æner : le biscuit de brochet avec anguille fum√©e, ""bient√¥t le printemps"" autour d'une base asperge, et un dessert chocolat-lavande compl√®tement surprenant et d√©licieux.
Ajoutez un service tr√®s efficace et tr√®s agr√©able, avec des explications et une grande disponibilit√©.
Un moment r√©ussi sur tous les crit√®res !!"
Guy,gthollot,9 mars 2022,Tr√®s bonne exp√©rience,5.0,none,22,Cuisine raffin√©e et inventive. Tr√®s bonne pr√©sentation. Service impeccable. L'√©quipe est tr√®s sympathique. Tr√®s bon accueil.
NICOLE264,NICOLE264,23 janvier 2022,√† d√©couvrir absolument,5.0,none,36,"Pour les amateurs de gastronomie originale et de grande qualit√©, il faut absolument d√©couvrir ce restaurant, digne d'un deux √©toiles et nous sommes tr√®s difficiles car habitu√©s aux chefs √©toil√©s...La cave est √©galement √† la hauteur avec des vins peu connus excellents. De plus l'accueil de tout le personnel est extraordinaire, tout le monde est aux petits soins. Un grand merci √† toute l'√©quipe pour ce moment de pur bonheur culinaire. Nous avons h√¢te de revenir pour nous r√©galer √† nouveau."
valsco1,valsco1,14 d√©cembre 2021,Parfait D√Æner de fin d‚Äôann√©e,5.0,friends,943,"Un grand merci √† tte l‚Äô√©quipe du restaurant rustique.

Nous avons c√©l√©br√© notre repas de fin d‚Äôann√©e (20 personnes)

L‚Äô√©quipe au complet a √©t√© s√©duite par la cuisine inventive et pleine de saveurs du chef !

Mention sp√©ciale pour l‚Äôaccord mets et vins du sommelier.

Tout √©tait parfait encore un grand merci √† tte l‚Äô√©quipe et a bient√¥t !"
magali,970magaliv,14 d√©cembre 2021,Tr√®s agr√©able moment,4.0,none,27,"Tr√®s bon rapport qualit√©/prix pour un √©toil√©.
Le cadre est agr√©able.
Le service est simple et gentil mais n√©cessite cependant de se professionnaliser un peu plus.
Le menu d√©couverte est plein de d√©licieuses surprises. Les saveurs sont maitris√©es avec de tr√®s bons produits.
A refaire avec plaisir"
PhilippedeLyon69000,PhilippedeLyon69000,11 d√©cembre 2021,Avis mitig√©,3.0,friends,31,"Nous en avions beaucoup entendu parl√©. Nous avions essay√© de nombreuses fois de r√©server mais c‚Äô√©tait constamment complet, nous disait on.
Et puis voil√†, un jour, alors qu‚Äôon √©tait sur liste d‚Äôattente, on nous dit qu‚Äôune table s‚Äôest lib√©r√©e !
Feu, on y va !
Nous arrivons vers 19 h 45, nous nous installons. D√©j√† pour un restaurant qui annonce complet, le fait est qu‚Äôil ne le sera pas totalement, plusieurs tables sont libres.
Le menu unique est compos√© de 11 plats, petites bouch√©es, tr√®s jolies.
L‚Äôassiette est tr√®s bonne. C‚Äôest pas d√©lirant ou renversant, mais c‚Äôest bon.
La carte des vins est tr√®s bien, et le sommelier tr√®s sympa et comp√©tent.

Par contre, que c‚Äôest lent ! J‚Äôignore si ce soir l√† il y avait un probl√®me en cuisine ou en salle, mais 15 a 20‚Äô entre chaque plat, quand il y en a 11, faites le calcul !
Nos invit√©s n‚Äôen pouvaient plus √† 23 h 30. Cette lenteur a un peu (passablement) g√¢ch√© le plaisir de l‚Äôassiette.
Je pense que l‚Äôon aurait pass√© une excellente soir√©e si les plats √©taient espac√©s de 10‚Äô grand maximum, et qu‚Äôen 2 h ou 2h30 il √©tait possible de d√Æner. Ce qui ne fut pas le cas, loin s‚Äôen faut."
Olivier B,352olivier,6 novembre 2021,Une tr√®s bonne table pour amateurs de d√©couvertes..,5.0,couples,131,"Une excellente cuisine, sans artifices, bas√©e sur des produits de la r√©gion. 
Une √©toile au Michelin tout √† fait m√©rit√©e mais ne vous attendez pas √† un classique entr√©e/plat/dessert., mais plut√¥t √† vous laisser emporter par une succession d‚Äôassiettes plus surprenantes les unes que les autres.  
Les vins aussi sont surprenants, des vins naturels qui changent des classiques que l‚Äôon d√©guste habituellement dans un √©toil√©.
Pour r√©sumer une belle exp√©rience mais r√©serv√©e aux amateurs de d√©couvertes."
Dimdim,Dim4342,12 octobre 2021,Formidable,5.0,none,5,"Trois visites d√©ja au Rustique et √† CHAQUE fois en sortant, on se demande d√©ja quand est ce que l'on va revenir. Tout est parfait pour l'accueil et le service, on se sent √† l'aise, pas mal √† l'aise comme on peux l'√™tre dans des restaurants √©toil√©s .Et alors pour ce qui est des plats,  on se r√©gale √† chaque fois, ou comment sublimer des produits simples en mets gastronomiques. Des couleurs magnifiques, des gouts qui explosent en gout bref PARFAIT. Vivement la prochaine fois."
Emmanuel B,emmanuelb629,27 septembre 2021,Belle surprise,5.0,business,8,"Cuisine raffin√©e et pr√©cise
Accords mets/vins magiques
Accueil agr√©able
Service tr√®s attentionn√© et professionnel
Bravo"
Marlene c,marlenecS6613OQ,19 septembre 2021,Vraiment tr√®s bien,5.0,none,49,"Cet √©toil√© d√©note de ce que l'on voit habituellement (bravo au Michelin pour cela), service agr√©able et pas trop guind√©, cadre rustique, bien agenc√© sans chichi. La cuisine est pr√©cise, pas folle en terme d'originalit√© mais on sent une patte du chef tr√®s int√©ressante. Contrairement aux √©toil√©s habituels, une √©quipe peu nombreuses, le service est rapide et on sent que les gens y sont bien. Bravo particulier au sommelier qui a r√©ussi un accord de vins accessibles √† tous mais et avec de petites p√©pites. Bref, a tr√®s bient√¥t. Menu peu on√©reux pour ce type de restaurant"
Xav999,Xav999,18 septembre 2021,Tr√®s original,4.0,none,41,"Nous ne sommes pas des habitu√©s des restos √©toil√©s. Ce fut une tr√®s bonne soir√©e avec la d√©couverte de mets que nous n'avions jamais go√ªt√© (du pigeon, du silure). L'√©quipe est jeune et vraiment tr√®s sympa, ce n'est pas du tout guind√© comme dans certains restos. Je n'ai pas trop d'√©l√©ments de comparaison mais le prix me parait tout √† fait correct compte tenu du nombre de plats et du travail n√©cessaire pour les r√©aliser. Tout √©tait tr√®s bon mais c'est vrai que le pigeon et le silure du fait de la ""mauvaise  r√©putation"" de ces animaux et comme on en mange pas souvent voire jamais, on a eu une petite appr√©hension. Et aussi la d√©co de la salle pourrait √™tre un peu plus l√©ch√©e peut √™tre."
joris,Excursion49816437848,14 septembre 2021,Cuisine cr√©ative et saveurs exceptionnelles,5.0,couples,11,"EXCEPTIONNEL ! 
cuisine cr√©ative, saveurs excellente 
.. un futur tr√®s grand chef dont ont va entendre parler.
Un cadre magnifique et un service au top.
Dans le top 3 des 1 √©toiles de Lyon."
Paulpogba26,Paulpogba26,27 ao√ªt 2021,Une √©toile 1000 fois m√©rit√©e!,5.0,couples,86,"Le meilleur 1üåü que j‚Äôai fait! Tout y est, originalit√© des plats, audace du chef, rapport qualit√© prix excellent. Il y avait 10 plats, hormis le dessert qui manquait un peu de cr√©ativit√© et d‚Äôesth√©tisme tous les plats √©taient irr√©prochables. Nous avons pass√© un excellent moment!
Bravo et merci"
Julbulus,Julbulus,22 ao√ªt 2021,Rustique mais √©tincelant,5.0,couples,270,"Un √Ælot de nature en plein Lyon. Une fois la porte pass√©e, vous entrez dans une belle salle o√π r√®gnent bois et plantes.
Dans l‚Äôassiette un tr√®s beau menu qui nous fait d√©couvrir l‚Äôunivers du chef : nature, esth√©tisme , et mise en valeur de produit r√©gionaux. 
On red√©couvre avec plaisir des mets tels la betterave ou le silure‚Ä¶ 
Excellente soir√©e dans cet √©tablissement qui m√©rite largement son √©toile."
Helena K,heyhk,21 ao√ªt 2021,Une soir√©e inoubliable,5.0,friends,7,"Apr√®s avoir d√©cid√© de passer nos vacances √† Lyon, nous avons tout de suite fait une r√©servation au Rustique surtout parce que le concept qu‚Äôils y utilisent des produits du terroir nous a bien plu. On √©tait vraiment impatients d‚Äòy aller et on n‚Äô√©tait pas du tout d√©√ßus. 

L‚Äôaccueil √©tait tr√®s chaleureux et le service ‚Äûoutstanding‚Äú √©tant √† la fois professionnel mais aussi d√©contract√©. 
Les plats √©taient un r√™ve, les s√©quences du menu s‚Äôencha√Ænaient bien et nous permettaient de d√©couvrir les 
go√ªts du terroir. 

Il faut dire que nous sommes habitu√©s des restaurants √©toil√©s mais au Rustique, on a mang√© quelques-uns des meilleurs plats que nous avons jamais eu. Merci √† toute l‚Äô√©quipe du Rustique depuis l‚ÄòAllemagne."
Arnoo,arnauddQ5751BL,30 juillet 2021,Impatient d'y retourner !!...,5.0,none,1,"Tr√®s belle soir√©e pass√©e au restaurant ""Rustique"".
Accueil et service tr√®s agr√©able, chaleureux et tr√®s pr√©venant. Le menu est tr√®s bien, √† la fois vari√© et coh√©rent. Les produits locaux, parfois inattendus, sont mis √† l‚Äôhonneur de fa√ßon magistrale. On va de surprise en surprise, de ravissement en ravissement au fur et √† mesure que le menu en 10 s√©quences d√©file...
Les quantit√©s sont parfaitement dimensionn√©es ce qui permet de d√©guster et savourer chaque plat avec la m√™me gourmandise. Premi√®re exp√©rience de pigeon pour ma femme et mon fils, ils ont ador√© !...
Nous avons fait l'accord mets/vins. Les accords √©taient tr√®s pertinents et nous avons faits de tr√®s belles d√©couvertes.
Bref, vivement le prochain repas, nous sommes impatients d'y retourner..."
Alexmicha,Alexmicha,14 juillet 2021,D√©√ßu pour un √©toil√©,2.0,couples,1563,"Habitu√©s des restaurants √©toil√©s,
Nous avons voulu tester ce nouveau √©toil√© 2021.
Quelle d√©ception !!
Menu unique √† 75 euros pour manger des petits plats qui ne sont pas des plats  mais des amuses- bouches sortes de tapas.
Nous somme ressortis avec la faim au ventre.
Mon conjoint a m√™me pris une galette kebab du coin car Il avait encore faim !!!
Points positifs : 
- le cadre  est tr√®s joli qui repr√©sente bien la nature et le v√©g√©tal voulu par les propri√©taires.
- les plats sont bons malgr√© leurs petites portions.

Points n√©gatifs :
- mauvais rapport qualit√© -prix : 75 euros pour manger des mini- portions, le fromage n‚Äôest m√™me pas inclus. Pour manger le fromage, vous devez rajouter 6 euros.
- le dessert n‚Äôest pas bon du tout. Sorte de vacherin rat√© et encore congel√© avec des framboises acides.
C‚Äôest tellement mauvais que mon conjoint n‚Äôa pas touch√© son dessert.
- plats qui sont en r√©alit√© des amuses bouches car insuffisants en quantit√©.
- le service n‚Äôest pas digne d‚Äôun √©toil√©. Nous devons r√©clamer plusieurs fois pour avoir du pain qui encore une fois sont des mini tranches. Normalement, le serveur doit nous servir sans que nous lui r√©clamions.
Pour un meilleur rapport qualit√© prix, je vous conseille d‚Äôaller manger au restaurant la sommeli√®re qui est bien meilleur √† 72 euros, fromage inclus !!! ( qualit√© + quantit√© largement suffisante).
Bref, passez votre chemin pour ¬´¬†Rustique¬†¬ª.
Je vous d√©conseille fortement.
Ce restaurant ne m√©rite pas du tout son √©toil√©.
Nous ne reviendrons jamais !!"
genevieve L,808genevievel,25 juin 2021,des saveurs du terroir revisit√©es magistralement,5.0,none,454,"Des produits locaux sublim√©s . Beaucoup de recherche dans un menu d√©gustation qui s'enchaine bien.
Accueil charmant.
Le sommelier fait gouter le vin au verre avant de choisir et est de bon conseil.
Excellenet rapport qualit√© prix"
fredericferrero,fredericferrero,1 janvier 2021,meilleur rapport qualit√©-prix de 2020,5.0,none,106,"A 68 ‚Ç¨ le menu de dix s√©quences, le rapport qualit√©-prix semble imbattable! J'ai d√©couvert la cuisine de Maxime Laurenson lorsqu'il travaillait √† Loiseau Rive Gauche (restaurant auquel il a apport√© l'√©toile). Il s'est install√© √† Lyon mais sa cuisine n'a pas chang√©: sans chichis, √† base de produits locaux, inventive, sauvage... tout ce que j'aime. Cadre agr√©able, bonne ambiance, tr√®s bon service."
Philippe G,philsjm,31 octobre 2020,Une belle surprise !,5.0,none,13,"Nous recommandons fortement ce restaurant. Le budget n'est pas donn√© (environ 65‚Ç¨ le menu + une trentaine d'euros pour le vin par personne) mais cela vaut vraiment la peine de se d√©placer. Une dizaine de plats, tous aussi surprenant qu'excellent. Une recherche de r√©aliser une gastronomie paysanne, tout en prenant des produits locaux, fait plaisir √† voir et √† d√©guster ! Nous avons pass√© une excellente soir√©e. Le service est simple, discret, tout en restant √† l'√©coute, ne rien changer."
les6defrancheville,les6defrancheville,25 octobre 2020,Ador√© ! Excellente adresse,5.0,family,6," Superbe adresse ! Excellente cuisine.  Original,  fleuri, d√©licieux. Des produits du terroir,  une tartine de pain grill√© avec du beurre fum√© au foin ? Dingue !"
violaine,vi0laine20,2 octobre 2020,Juste parfait,5.0,couples,36,"On reste juste sans voix devant un tel rapport entre qualit√© prix ... Qualit√©: un menu unique en 10 services avec des plats plus originaux les uns que les autres, des saveurs du terroir qui sont exacerb√©es par les talents du cuisinier et la provenance des produits frais, et prix: une addition plus basse que ce que l'on peut voir habituellement pour ce genre d'√©tablissement ! En bref je recommande les yeux ferm√©s ce restaurant dans lequel vous passerez un excellent moment, dans un superbe d√©cor. On reviendra ! "
Sandrine b-c,Scasbat,26 septembre 2020,Tr√®s tr√®s bonne surprise,5.0,none,1,"Tout est bon tr√®s bon m√™me ....et tr√®s bien servi ( je n‚Äôai pour ma part pas pu tout finir)
Le service est impeccable et avec humour... on vous explique le produit sans en rajouter des tonnes...Et avec les sourire en plus
Les vins sont √©galement tr√®s int√©ressants
Une bonne d√©couverte  un restaurant avec des vrai go√ªts √† d√©couvrir tr√®s vite"
Yque,Yque,26 septembre 2020,Le Plaisir,5.0,none,5,"Comme tous les lieux rares, il faut vite courir d√©couvrir ce que Rustique veut dire ici ! Ici, pas d'esbroufe : la v√©rit√© est dans l'assiette, la g√©n√©rosit√© dans les sourires. Discr√©tion √©l√©gance et raffinement n'ont pas besoin de sous-titres ni de superlatifs ! Plats de haute gastronomie, choix exigeant des produits, technique irr√©prochable, cr√©ativit√© sans ""√©quilibrisme"" vain : √ßa tient parce que c'est bon ! Le choix des vins est judicieux : on sent qu'il est con√ßu par des amoureux, comme un vrai partenaire de la cuisine et sait jouer de beaux accords. Le service est attentif, souriant, disponible et discret... on se sent bien dans ce lieux √† la d√©coration simple et soign√©e ! Dans une alchimie exceptionnelle pour un prix aussi resserr√© (comment font-ils ?) c'est le plaisir qui est au rendez vous, comme une √©vidence ! Merci au talent, √† l'enthousiasme et √† la g√©n√©rosit√© de cette belle √©quipe !"
jean-christophe viala,jchviala,20 septembre 2020,Cool.,5.0,none,137,"Je n'avais pas envie d'y aller car fatigu√© de restaus bistronomiques,  j'ai √©t√© agr√©ablement surpris par les mets et j'y retournerait volontiers."
Pierre M,534pierrem,5 septembre 2020,Exceptionnel,5.0,couples,165,"Accueil et service tr√®s agr√©ables.
Cuisine de tr√®s haut niveau par un chef ayant eu un restaurant etoil√© √† Paris.
Un seul menu avec une dizaine de plats tous avec des produits r√©gionaux de grande qualit√©.
Des saveurs subtiles et beaucoup de cr√©ativit√© dans chaque plat.
Les vins sont r√©gionaux √©galement et excellents √©galement.
Le rapport qualit√© prix imbattable sur Lyon. Soir√©e gastronomique de haut niveau dans un futur restaurant avec une √©toile rapidement. "
FBU69,FBU69,29 ao√ªt 2020,D√Æner √† deux de fin d'√©t√©,5.0,couples,2,"Merveilleuse soir√©e pleine de d√©couvertes gustatives et une s√©lection de vins de producteurs locaux expliqu√©s avec coeur et parfois humour par le somelier. Les plats d√©filent en douceur, apport√©s par l'√©pouse du chef qui partage le go√ªt de ce jeune couple pour son terroir. On se sent bien, les plats valent des √©toiles et surtout nous mettent des √©toiles dans les yeux, mais l'ambiance est tout sauf guind√©e pour coller √† ce qu'annonce le nom du restaurant ""rustique"" : un bout de campagne en pleine ville ; du vrai, du beau, du bon, pas de chichis superflu ... et une note tr√®s douce compte tenu de la qualit√© du repas."
Etienne,pierre5300OO,19 ao√ªt 2020,Le service pourrait √™tre mieux,3.0,couples,17,"Nous sommes pass√©s un soir de juillet. En effet c√¥t√© cuisine il n‚Äôy a rien √† dire, c‚Äôest excellent, les plats sont travaill√©s longtemps et √† la perfection, tant visuellement que gustativement. 
Par contre le service √©tait simple, voire trop simple. La ma√Ætresse de maison nous apportait les plats rapidement dans une ambiance pesante. On avait une impression de mauvaise ambiance en cuisine ce soir l√†. 
Peut-√™tre n‚Äô√©tait-ce qu‚Äôune impression. Enfin malheureusement cela a entach√© notre d√Æner..."
AndreB7723,AndreB7723,16 ao√ªt 2020,Sans l'omble d'un doute.,5.0,friends,4,"C'est l'histoire de 3 couples venus chercher la rusticit√© d'une cuisine engag√©e qui rend hommage √† la campagne Rh√¥ne-Alpine de la plus genereuse des mani√®res. 3 couples attabl√©s simplement dans ce cadre bois√© o√π rien n'agresse mais au contraire rassure. Vue sur une cuisine proche sans √™tre bruyante o√π l'on est concentr√© et appliqu√©. Les assiettes sont simples, √©videntes, tout en pr√©sentant beaucoup de travail et de savoir-faire.
Une telle maison peut bien avoir √©t√© √©chaffaud√©e pour plaire au(x) jury(s), il n'en demeure pas moins que le go√ªt et le service attentif, r√©actif, presque joueur sont l√†.
Les vins sont un peu plus co√ªteux qu'ailleurs mais ils sont rattrap√©s par un menu qui vaudra davantage un jour, si leur plan se d√©roule sans accroc! (on le leur souhaite)
Bravo et merci pour ce repas dont on gardera longtemps souvenir car tout √©tait m√©morable, ce qui devient rare de nos jours.
Mentions sp√©ciale pour ces pommes dauphines √† tremper dans une b√©arnaise a√©rienne et cet omble chevalier dont la cuisson myst√©rieusement parfaite fut d√©taill√©e amicalement par le jeune chef, √©paul√© en salle par sa compagne dont les yeux remplacent le ciel bleu que cette campagne couverte urbaine n'a pas.
√Ä tr√®s bient√¥t."
PPJAM2016,PPJAM2016,10 ao√ªt 2020,Excellente d√©couverte,5.0,couples,12,"Excellente d√©couverte, en plus du cadre tr√®s tendance et raffin√©; une tr√®s belle assiette, tr√®s go√ªteuse et respectueuse des produits nobles de notre r√©gion Rh√¥ne Alpes Auvergne ! Authentique Rustique ! Merci pour l‚Äôaccueil et mention sp√©ciale pour la carte des vins engag√©e et pointue."
mllece,mllece,4 ao√ªt 2020,Tr√®s belle d√©couverte,5.0,couples,1887,"
Tr√®s bons plats, tr√®s bien r√©alis√©s avec un excellent accords mets et vins (qui inclus un sak√© local !)
De plus, le cadre est tr√®s agr√©able, ce restaurant est donc √† tester sans h√©sitation.
Tous les √©l√©ments semblent r√©unis pour une √©toile. 

Certains plats signatures (amuses bouches et g√¢teau de brochet √† l'anguille) ne changent pas d'un menu √† l'autre. √Ä titre personnel, j'irai donc l√† bas (seulement)¬† deux ou trois fois par an, mais j'y retournerai √† chaque fois avec un tr√®s grand plaisir. "
CathKat,CathKat,31 juillet 2020,Quelle identit√©!,5.0,none,8,"Deuxi√®me fois chez Rustique, avec l'appr√©hension de ne pas √™tre aussi s√©duit que la premi√®re fois... Ce n'√©tait pas la peine d'avoir peur... Une cuisine forte, hyper ma√Ætris√©e avec un chef qui vous propose son assiette avec beaucoup de franchise, beaucoup de caract√®re... et c'est tellement vrai.
En cuisine comme en th√©√¢tre, il y a ceux qui sont dans la sinc√©rit√© et ceux qui sont dans la v√©rit√©... Nous adorons cette table. Service en ligne avec la cuisine, tr√®s vrai, d√©licat, √† la fois proche et tr√®s respectueux en m√™me temps... Les √©toiles arriveront c'est certain. Merci."
lvit,lvit,25 juillet 2020,Un moment divin,5.0,couples,43,"C est un enchantement de d√©couvrir cette cuisine √† la fois savoureuse et qui stimule nos sens. J ai ador√© l ≈ìuf , la g√¢teau de brochet et ce merveilleux papillon dot√© d‚Äôune mousse teint√©e de g√©ranium rosat comme dessert.
Le lieu est simple mais on s y sent bien et l accueil est chaleureux et plein d attention 
Une vraie merveille 
Merci !"
cell69,cell69,24 juin 2020,Superbe ! Cuisine de caract√®re,5.0,none,317,"Superbe ! Cuisine de caract√®re et de qualit√© qui fait la part belle aux produits de la r√©gion. Une v√©ritable d√©marche qualitative, qui √©merveille en bouche. Une grande table sans aucun doute et un service extra.
Merci pour cette belle soir√©e et longue route √† vous !"
PIERRE B,W6767WGpierreb,9 juin 2020,Un extraterrestre est arriv√© rue d'Enghien !!!,5.0,none,6,"Quelle d√©couverte !! 
Mais d'ou est arriv√© ce cuisinier qui sublime autant les produits? Il sait travailler des produits simples qui laissent en bouche des g√¥uts subtils .Une pure merveille.
Les plats sont mis en valeur par une belle pr√©sentation originale.
Les vins propos√©s par un sommelier passionn√© sont excellents et malgr√© son masque on devine sa sympathie.
Le cadre est tr√®s agr√©able, les tables magnifiques, la disposition des couverts tr√®s originale.
Bref :tout est parfait
Une adresse qui deviendra tr√®s  vite un incontournable sur Lyon.
Allez y vite sans h√©sitation"
Jean victor,jvqtn,27 f√©vrier 2020,Excellent !,5.0,couples,13,"Tout simplement excellent !
J‚Äôai red√©couvert et d√©couvert des produits de notre r√©gion avec une touche de modernit√© 
Respect du produit et association audacieuse ! 
Ambiance tr√®s chaleureuse et √©quipe passionn√©e 
Je recommande tr√®s fortement 
A tr√®s vite !"
MymyP,MymyP0906,25 f√©vrier 2020,Tout simplement parfait !,5.0,none,12,"Restaurant gastronomique vraiment excellent tant pour l accueil, l ambiance, le menu . Les plats sont vraiment tr√®s bien con√ßus, orignaux et d√©licieux. Je recommande ++++"
